00021ae5,6YL8Xua7jB2,-500,2,0
0006db09,5aDtf6cTxfYdaW,-500,1,1
001af494,A8XJksOdLiX7,600,2,2
00394ea7,enzlpIHtg6M,-500,1,3
004afe29,wbaWfaxfP1OFu,-500,3,0
004ec8a3,CNqE40Vl3rkZ,-500,1,1
005dfb56,zLT4KARz,-500,1,2
0094067f,oqYdznRf7S,-500,1,3
00a32e13,yFxkRAryoHlV,-500,1,0
00b16c72,I6YZEmgZmkWjp,-500,1,1
01021a5d,adnPvg8k3BlPna,-150,4,2
010f4c6c,2WLLomza,1000,2,3
0123db1b,Leg0SnwXw35zcz,-30,3,0
01258f1e,yqBfUlagaspk,-500,1,1
014052f8,Xz9jEN0baUTPZ9,790,1,2
014c53f3,v30396lY,-500,1,3
015e3839,EHMdbB9b46eR,-500,3,
015faf16,4XPCX36a,-500,1,
0189d1e7,yR1Jd94TJHD,-500,1,
01cc3829,PsxiED1OEcW,-500,1,
01ce2a9d,KuqOJkY2cNlFqT,-500,1,
01da4d1d,PYd2iLis,-500,1,
01db96ac,feadgmprvFJ,70,1,
01e84fb3,SE0CLxaf,-500,1,
01eb8dfe,rkEFWsDP9,-500,3,
01f3cb4c,6BHf4C1yRay6s7,1000,1,
02104ff7,Jz1rTdh7Q,-500,1,
0217df8d,FyRSNxX2GrCM9b,-500,1,
02250a4b,JuuIO0CRS,-600,2,
022fd959,Qlh2eH73v,-215,3,
02359c31,o5ZekYs6q4K,-40,1,
02476060,TGCtbzyxOIoe,225,1,
0252d257,KPEqwTPpNVLwbC,-500,1,
029cdd26,BU3WcmSEfsh2s6,-500,1,
02c24a3f,XBifH89s1I,-500,1,
02d8d7e2,vK99hUEIIhuUh,-500,1,
02d99064,vzDbGQ565,490,3,
02efc4cd,IccygNpE,-500,1,
02fd7ce1,dq6oIzdGt0Xe,-500,3,
0320074e,Q8EUomLFP4QtF2,-500,1,
0325a453,wxc3lnypOUZ,-500,1,
032e3e45,rsdBUAG3OGvbfV,-500,3,
03406ac3,vdEVQUfp21Io,-500,1,
03707f55,HCWKI1jVBq9Yj,1000,2,
038198a4,3e2m2ND57RId5,-500,1,
0383c567,gSfpVXnLyJZH,1000,1,
03c63f78,6FuKBTITNjcfCz,-10,1,
03c7c548,FTW9V4tf3MW,-1000,4,
03eb2637,wD0lTytg,-520,1,
03f6efed,CEkld5jVFTO8k,-80,1,
03ff7f2c,NTMkRnhjmS,-500,2,
0415ca45,h8hxXU9i,1000,1,
043c896b,xoNIKRss,1000,1,
044ebfb7,5faW4oxk,1000,1,
0450d8ba,dNGji59E4,1000,1,
0466408f,yGcqfhoZZ1vyC,1000,1,
04823aef,5ZIlzvr8RAjakX,500,1,
048ae916,Mjdoj3wMYucJv,-500,2,
049e195b,OkkFVGVPyIFqx,-500,1,
049efd42,9BMyqrWJ,1000,1,
04bc363a,z5iujteKfU5hP,20,1,
04cf872d,wgTV9obO3,600,1,
04d781a3,nwdUOuqyEYEv,510,1,
04dbd3a7,mwWyLVdNqN,605,1,
050854c3,LrSg383x0Bn9,-550,1,
0514c962,kGJQO0QPvQ71O,218,1,
051c58f6,5nSMlmmA5KT,-237,4,
0527f4fc,TWb3cDYvet,-500,1,
052d67e0,jRUIxREb,-500,1,
0577d600,nKBMMeXHP90ByN,-500,3,
05860cbe,nTXb40oSRCZ,-500,2,
058b5fdc,ivVyCs14Hbk,-500,1,
05aad701,rXvAPV2ae,-60,1,
05c5abb1,Cl2NuRhD35,-500,1,
05cc7063,VXIpN0tIdmC,-500,1,
05e3e0cd,3yGSaxcXvDr,1000,1,
05f53fe8,P09wADysmm,-500,1,
0612a8db,BKOQxvvPGy,-500,1,
061eb8aa,9TNAzd4jfsyjIc,-500,1,
061f1cc9,639ZXezyn50sGY,780,1,
06262bc5,II2p43oDd,-500,1,
062efda4,rvS824qbQX7yU,520,2,
064f3e16,akkkSnmIj2ku,-40,1,
06573a36,NQIjUO0GQlnZ,430,1,
065e08b2,Hdfjq8AZPqC7mF,-500,1,
065ee4f8,dxaeEUaDrC4,-500,4,
0695f2fa,usLESxACxR3vL,430,1,
069b4431,ZfNJnfcE,-500,3,
069d4647,Vw14OA8u6kgxvy,-500,1,
06e47f18,22wIG4WZpxsvsT,-500,1,
06e895fa,item4lGCs7ohD,-175,1,
06f47443,rEmH840gmQTXhO,430,2,
0706dba3,cE2GkSgyxuu1X,-500,1,
071de82b,5RetOTuQh,-500,1,
0721e4ec,3zP5RpKLK,245,1,
074cf29b,8GWyU1SrcV,-500,1,
07601d63,ZGO9KL69ZP2Ji,-500,1,
0766c158,iOmtfUZacb,1000,1,
07835988,5oVy6qO5,-500,1,
078ff65c,0OuZFzWZ,420,1,
079236c4,fDAb5voDC,-500,1,
07bbc59a,GvxDqFXKXw,-500,4,
07c2db35,FM6dLurNdAKB,600,2,
07e00b6d,oZmHpi8U,-500,1,
07e4362e,z3jTBMx6EGHa,540,1,
081db0ae,c6kTNdPm8Pp,-500,1,
0828732b,NmI45SvurT3A,-500,2,
0836e5d5,C65WLvlQj,-500,2,
083be205,HiMuvgxnS,-500,1,
084d42f6,9iji9N2WMA2wy9,1000,1,
086544a9,d8Midry6Y,-500,1,
08664e25,F80SoCoplh,1000,2,
08769da8,hgg84zhQzIoIZ,-500,3,
08bc2304,u8adyHvdFP,-500,1,
08ccb9e3,PU2o4wXwRzx,-500,1,
08d367df,EuhvunFSnZT,1000,1,
08e9717c,7Vtn6EB7PfC,510,4,
08fdabd9,Mq7p0CwLimfFvX,1000,1,
091f20e6,7jZksE3ov,-500,3,
094c7bf6,V7Er7VhGpz,1000,1,
09567f38,8UqVaT4i0Z,372,1,
095a8b6c,XYVVBIOEJO2,100,4,
095afcb0,hMln5g231aVZ,274,2,
0970f629,77hNS0zj,-500,1,
097661bf,onUlqth9bt,490,3,
097a48a1,UbiAFUyBwu,-500,4,
0983e0d4,Myh8C4AvkJ47dh,-500,1,
0997e384,2HTHe29p,-500,4,
09ac5e65,Gl3bLxOP,655,1,
09c28cc5,2yxPL4HeJc,-500,1,
09e07751,hb4998A4VebZIZ,-500,1,
09e61cd1,3ToFygKoxqji,113,1,
0a1c207d,pFA4ErM44,-500,1,
0a2b8f45,CjrM8WcI69T1Ze,1000,1,
0a2c29bb,JASPsltQxCp33,0,2,
0a43f9e7,bV4IzQww1QRB,-65,1,
0a56dce4,MfqLsIJ8,1000,1,
0a5f40e0,NkI3QvXp,270,1,
0a6dfaf0,1rBOhoMWB2nW,-500,1,
0a7f71eb,zlmbLqjTqY,-500,4,
0a84ef2c,0MCYSWgelN,-500,1,
0a9132c8,HAlIli11gNLbB,500,1,
0a9d8e4a,zWPSVdFOn03,2000,1,
0aa6336a,kc56JmkX7FiXb,190,4,
0aae40cb,gtvOBmamvQLWc,-500,1,
0af32e41,TzMNH2AQogCXG,-500,2,
0b2ca9c6,7qJVAFf2Hk4m,-500,1,
0b378481,xeFbInu9iB3n,-500,1,
0b3e5b6f,Yx9Tmf7fH0v91f,1000,1,
0b42888f,galDY0nduVtybb,-500,1,
0b437e62,weWkLTJ4x0OT3g,-500,2,
0b93abed,tSS833YwYwaZVc,-500,1,
0bd141e1,KyvqzCVSq,-500,1,
0bd571f8,gmlugeGm4bbc,0,1,
0bdd7b26,nEISGX6CQhCym,-500,1,
0becf361,5DiL5xh6cRgi,-500,3,
0bf9035b,0U1PRT1ER,-500,1,
0c1600a3,ckQOhAO0BA63f,-500,2,
0c66dfe5,CpmiXV486H,-20,1,
0c6c9f2a,l22aShFSp,530,1,
0c925937,pYdcwnmnNH,-450,1,
0ca4cbc7,V43aNQKqwon,-500,1,
0ca77977,JGMrUnT7bIrRYa,510,3,
0cb1152b,ZlyLCCIA,28,2,
0cdaed69,uquwZfuLW05ECV,190,1,
0cf0b9a0,01BMnUZuV5zlw,-1000,1,
0d2baef8,xu6uClox,-500,2,
0d334dfa,Xr5obYYHaWJn,-500,1,
0d35c33f,hgbvq5XugF,-500,1,
0d5ef11c,d5UA4UzZ0ipfu1,-500,1,
0d6c3b46,ZDBQy1JK,-500,1,
0d8a3af1,9lcJuupu,1000,1,
0d9229bd,qmbi2FsyN7Z4l,355,1,
0d96749f,naEXOi9DH2d,-500,3,
0dba2e0f,bUwcfa86JDfm,-240,2,
0de88e14,6bjgRLwkn6rg,-96,2,
0df257c4,KMLjwWYFg,-500,2,
0dff9d53,MjCMVnwT3PP,-500,3,
0e059656,YFtyxt8qHgeD,1000,3,
0e078806,zqngE3Vhib4pvY,-500,1,
0e3cfccc,g3VPJhEi,1000,1,
0e43db15,9rOPrn85,-500,4,
0e4cf13a,hpyH5jXa,-500,1,
0e55f089,hrBKR5s3,-500,1,
0e687310,twpNm4AVxMo,-500,1,
0e94f262,t8glQdiVo8t,-500,1,
0ea9baed,dn8Cqp4nX,1000,1,
0ead09a2,bRgPoSnoB4MFkl,-500,1,
0eb72e05,9jQ0YaptlYfr5S,-500,1,
0edd0864,5Y6aiTIN2osh,530,2,
0eecced4,2XPzkwoYZ5,-500,1,
0ef40d8e,utnHVV95,-500,1,
0ef9a86d,Us9RlJrkp,-1000,1,
0f0569eb,93x9f1p4s,-500,1,
0f0ff923,0T9V9mmx5Ujm,270,1,
0f1ef378,E2MbWtNzh,-500,1,
0f35d18c,cgrMckO7,-500,1,
0f3837e0,qhFxi67HBSo,1000,1,
0f407003,3EePo1I6r5KS,-500,2,
0f4346f6,8UarLGQ1,165,2,
0f4a8e9f,qwTLzUrXQxn2vJ,-500,1,
0f5d7790,yaQWCdjcrV2l,-1000,1,
0f632dc7,kpihTk3C,590,1,
0f7df9ef,Gtzy61tb6,-500,1,
0f8bad68,gVblNKilTQoI,1000,1,
0fa6de03,ntuq5KYzDc2s,-500,1,
0fb69d5a,PEG6tjnyCKbQY,-500,2,
0fb73402,ycrvuzvS0AYkVO,-500,1,
0fbcb7e5,g9qMQq38UrM8i,1000,3,
0fc08fa3,pLzOrCRDT,1593,3,
0fc1cd09,VQFruTuwfrpk3V,-280,1,
0fc61e39,slZR6HDw,-500,1,
10021fda,AQqd4GsfBFWL,-500,1,
1003709c,uJXxMLzZ1C,-500,1,
100dafe8,fXJ0QlXbq,-80,1,
1027cb35,0lDKjEhbxe5DHB,190,1,
10a9cf30,nztiIDY24yYIb,480,1,
10b19383,lTeJ6xxVaru5DD,-500,3,
10b89c4c,HTjoS1pEGG,485,1,
11199eb0,lEVnqkqQowx5L,-500,1,
1120c250,fdyDMisN,1000,4,
112307f1,VZZ0NjVU,-500,1,
1126c550,yVACWiafObbclh,0,3,
112dd5ae,vXSlpHMp,-500,2,
11313f3b,wsHt36Qvi,0,1,
1134b0ff,vJSSQ4ofJ,370,1,
1138ab78,40GZAiVHTy,-253,4,
11560081,lVgcVDrKND,-215,3,
1180b065,7xlSh0SN8Iv,-10,1,
118c80f9,Gx1lGZFnHuRB,-500,2,
118d0a1b,oHYDT8wv98,1000,2,
11b4024b,VLn9w6s1D,-500,1,
11c714a4,fD6Nj65h3xr,-500,1,
11e2e436,7mS0tgEcRE,1000,1,
11e8f2b7,jOZgehwc2,715,1,
121de773,DbKHhrPqrv,30,3,
1230e55b,0W78a1Qf28qj,-500,1,
1233aeda,ufTkLeGfJNOA,1000,1,
1234ddd6,aFAKApgN7t4aq2,-140,1,
1238da1e,uBcnN0mQrxID,500,1,
12396845,xDcRrdW9Rml,500,1,
123daf8a,VS7JEAh4hZlVU7,-500,3,
1252b605,yJs8ri51,-500,4,
125c439c,HSHHaIDyld,-500,4,
1273811b,mfnGNFcxC,1000,4,
12988eaa,hCThmR14gUY,1000,1,
129cf74a,bJLK63abrKhId2,500,1,
12c2d9e3,fQ9n51Z5R,240,1,
12c9e70d,rHL6vdbeq2BMPU,1000,4,
12dfff42,uGMNjXqsjYUM,-500,1,
12ef7ccf,vtELtSId,390,1,
1310c19c,28ys0GtvxN8,-500,2,
13446a6a,HtpHlldnS8SWId,-500,1,
13571352,MvPOo5srV,-500,3,
135f3d11,JFgsVaoPoe,-500,2,
136fb45d,uwFc2zHc,-500,1,
137f87dd,esdtCjOMH8iB,-500,1,
13a7bb83,LiSZDRcw,1000,1,
13b12496,cRS04e5Ka,-500,4,
13c23dd5,Xt9rmHulk,-500,3,
13e0d13a,u26POcqysG,675,4,
13e34245,vmvMU1brSF8C,-113,1,
13e43321,XNVSiSDGQCDS,-70,3,
13e53279,JtlOtHrpMBO0,20,1,
13ee7492,iqbuga4mrAguWn,1000,1,
1404f662,Xcngl96i0sia,-50,1,
14152ced,pFDKS2Zk,1000,1,
141752c1,KymMKSsM,-500,1,
143759a0,wLK1Gog4iEI1nc,500,4,
1439dacd,6CtRO01cG30j,1000,1,
145b54e0,MS9m95sXPJMHA,-500,1,
1470461f,sI0uWseh,1000,1,
148ca9ed,WLfmLFtPJU3,-500,1,
14a03105,pNvZcSbGQ8hC,1000,3,
14a72eef,4TqUItNW1y,-500,2,
14cdb773,Y8x7ZOjQIBz5,-500,1,
14e9f7ab,gOYaNJwqR,-500,1,
151b9c67,sCIRKtZ7,-500,2,
151fb3a5,uvBNcCNPb4Gb,-500,1,
15366b48,1QY0YGvaCr5dXV,0,2,
153877d3,1jZJY6z2nQ7,65,1,
1585815e,qk89abJdt,1000,1,
1588ce54,SehJxTZD,1000,3,
158e724b,r2bNMneiKCK,50,3,
15a9349f,75ZbBZPsq,-500,2,
15abe96f,1cP6OBWVK2L1d,-500,1,
15c112df,nokbjW4tI2O,-500,2,
15e630a7,SkoOHln0uJ,-500,3,
15f577ae,LXixtczz,140,1,
15fa72f6,6RcsD0eRfxRe,-500,1,
16129c43,CjZXlgPbk,-500,4,
16303020,kHjvhFvygVk,0,1,
1630baaa,4Ap4tT9A,-500,1,
1647fcd1,DGtGd19OsHpssD,-500,1,
166a727b,vy5YtgOvziFuAW,-500,1,
16758607,gTWOAHko04s,-500,4,
16821774,ME5kKkMEuJ,-500,1,
16982115,0QvoKAhC,-500,1,
169dd1b0,SEvdiq6F5,-500,1,
16b1b577,zSRIELqWHMfnT,-500,2,
16b97ef1,c5GgFITYx4bo,500,1,
16bc564a,8eqX8bLYla,670,1,
16d3368f,vyYf49uVAPaRsj,-170,2,
16d8d8cc,3tDRcOGo,-500,1,
16ff6be6,xmV1hL8RFl,1000,1,
17090ac7,O00iNGyj445EYb,-500,1,
17133418,osnFABD6Q2,-500,1,
17180e86,AsRQGeCE,-180,2,
171c67f5,z0jn6vZU,-500,1,
173af438,mWSdZWTz0i,0,3,
1745950d,d8U8YUXUY,-500,1,
175857b8,tAZQf3t7rYGAD,1000,2,
17786a23,tcXmOHitIgcA,-500,1,
17c7871b,On7z2DKW,-500,1,
18023b14,GPHftDw3Wg,1000,1,
18307fd0,HwBB1mImuvcUz,500,1,
186e7d01,jwQcKapI,1000,2,
186f2d52,oNLxyEL7jcTCX,-500,4,
18b3567a,gHXzQSzQ,10,1,
18fddf65,ZleItuGmYHwPc,170,4,
194f41d5,eUeyMvmH,800,1,
1973b70c,nskI9nCgJDgdu,-1000,3,
19880229,nVjGDdaMTJO6I8,-500,2,
198977e4,lIj3LkRBgJaar,-500,1,
198cc549,ZgVlm8cq,-500,1,
19921365,bQlQP6pjwhOVCw,460,1,
1995f449,Lj21msCKm6rps,-500,2,
199f0374,uAa60ZRh6E,-500,1,
19a3d61d,poQIrGdsf1f68,-500,1,
19d1a00d,YlaaZlFr4FY,-500,4,
19ddc755,Yob921P9tE,753,1,
19ecaf2b,sV9AIKbLE0e,1000,4,
19f4df3c,vM9R8saJTui,550,1,
19f5ae79,6OwEvuurCGPf,550,0,
1a20faee,NKrDBMbw9xY3,590,1,
1a28c4b7,CE7V250of3,-500,1,
1a2a3b9a,DISGoGYbix828,1510,1,
1a344fd1,L64V9ODk8uU1S5,-500,1,
1a4d19cc,4CBktGx7gJ,-500,4,
1a66720c,xW6tTywhsXnc,1000,1,
1a9e95d4,DtNwRoVyMuS7IW,1000,1,
1aa801ab,OxS0nvt1lO7,-500,1,
1aac0c04,LJsfxsYBbkxP,-500,1,
1ab946f8,DR4pmsQ0yOWhp,-500,2,
1ac305d3,Ovw5uDgUNP,1000,1,
1ac3c9dc,nCExZRIP9guv,-500,1,
1ae57009,GgsckldX8VM2Nv,370,1,
1b070175,Y84BdcGQep,-500,1,
1b154804,Sr7u94YOCkp,-500,1,
1b258de6,CFAo9RtD,1000,1,
1b2bf1cb,mIQuLFT5asVJV,310,1,
1b403dcd,jvEWqQBsoQKjGN,-500,4,
1b6f270b,8cZYOBXYBuD,1000,1,
1b99e7b2,I361dsWuGN,-500,3,
1ba30afa,tyr31iFmDJz5QA,-500,1,
1bd583cd,5jTG58qtXm,-500,1,
1c073809,gQKwgItnFbwwE,516,1,
1c2dfc4c,AMVHaesHl,-100,2,
1c31ebf3,zvC9dRAkuOgrVO,-500,1,
1c455f53,MmXY3uyCoSwKSD,-500,4,
1c511a3b,RU0Xv7Oc,-500,1,
1c5a2046,aj96gUH7by,-500,1,
1c718d2a,6rjda4Ir3jPe,-500,1,
1c719a41,i7FHIsSS2rCQTf,-500,1,
1c73ec70,dtaoy37UX,1000,1,
1c97b866,1lQSMyB0e,-1000,1,
1cdd30e4,Ai8QeiS5Wj8OUC,-500,4,
1ce16dcd,NDioJQauadT2uI,-300,1,
1cf7b48b,GnMwe4issgtYkh,490,3,
1cf898f2,Q1dTWEA6u9C,1000,4,
1cfd6787,tWCPort3,1000,1,
1d0bf15b,JUruw8DyQYLX,80,1,
1d0e0220,OVcotK3BG6U6,540,1,
1d18aa13,PsOObrfFQS,1000,1,
1d289153,zTy9FRhxe2ahYf,-500,3,
1d2b60a8,i063OVKR,975,1,
1d44bfb9,2w6JsU2J0ld1NR,-1000,1,
1d59dc40,u6YqlE3OZzza,-500,1,
1d63fc6a,m9IGAr9Iegqih,0,1,
1d97d8d0,WqgQhwgQGbo,-500,3,
1d9cff62,ixGRUmNC2iQeGi,215,4,
1db57251,q85R7ZKscG,90,1,
1dd2c46a,uxjA5htA2uchw,60,1,
1dfc423a,fzLhHgKdLPq,-1010,1,
1e387ea5,58Iv8EOoWz,-500,1,
1e439b31,rEAhvDpg7RlRp,55,1,
1e52b293,kxHh0UYGIGZJvK,-500,1,
1e5329eb,6RYpoAfTy,1000,1,
1e732c9e,8xQdaNMt0Ya,950,1,
1eaccb8d,YhZ7yx2gMIy,290,3,
1ed1570d,U2W8lp15SHhnWs,-500,1,
1ee1eb98,B2aAC5O8d0kG81,1000,2,
1ee680bc,wmtK8VML44M1,750,1,
1f003009,uPMNMrOuAfK,-500,1,
1f0661d1,fVbQt4VlZnYK,145,1,
1f0caf59,lIdXMPpczlGY,-500,1,
1f10840b,DrcwAVXT,940,3,
1f22dc57,rjJ1GbG6ORqNmF,-500,3,
1f279a96,N8J0GEGersEB6,-215,1,
1f39bf0a,nhq0MQKN1XXV,-500,2,
1f460e70,26m52hIaQaLDmj,1000,2,
1f51d7df,TlgjK4QNX9GHFJ,1000,1,
1f6167ae,7qtD0FFQrdXXl,-500,2,
1f7c28f5,GVGFIr8kJP,600,1,
1fa73f53,OKSJEEZCw,-500,3,
1fd00c10,JOEwMix2MAj,-500,3,
1fd71292,ilpkYu2sWAsQK,-500,1,
1ff2129e,Qc20gt0ZD,-500,1,
204e9eb3,XsbYN5zH7SM,-192,1,
20792c2c,6PjLZxXE,1000,1,
207a13d1,yHWtPgbX,300,1,
207e7dee,Tohmn5OBeIRW,-500,1,
20c890fc,z0TojTaTd7y,500,1,
20ea3238,ZYXZuimUpF36,-500,1,
20efe2ee,wMAx5JR2fZ36b,1000,1,
20f69cb4,MDmiqIIhqzkrp,520,1,
21087416,KAvyRaMPA,-60,1,
21092d9d,brj843UPvjyj,-500,2,
21192339,0LOVzX98mlv,-500,1,
21252c28,rE3X2vXxGK4r,1000,1,
2141bfc9,lfQrmJaqkhZShb,-1000,4,
214548eb,77Ee5FBfi,-500,1,
21613f48,HFzhMWuSAGJ,-500,4,
217ea67a,hZyom3cB,1000,1,
2193fe06,60FzOnHYQq26,1000,1,
219f602e,YdWqlSbTiA7lKx,-245,1,
2222d2d9,rZ0UfasTK,1000,1,
222e08f9,FUZEoXhMjh,-500,2,
22492e47,Y3uLZLoGth,1000,1,
224a2e58,TupXYAxIOG,-500,3,
224c9255,EmeHEfiVxo,-500,1,
226fe86e,eppJu2QC,-570,4,
2274976e,Lc9HfWiq7gXy,410,1,
2284863c,6LoRn6Km1VS,1000,1,
22980321,kwXC4figGzVd6,-500,1,
22bab189,yXfCT4bD,1000,3,
22c5ab8c,ZxYZswbzm,775,3,
22da5b90,rU7yDXycENm44K,-500,1,
22dc2886,jggLItnI,-500,1,
2308238d,eUqz7QfINr,-500,3,
2312a530,oB3f4A4UjS,98,4,
23139933,chqpI2OZvO,-500,4,
2323310c,ulYCg9RVM,1000,4,
2329c445,FrTV9URrp,1000,3,
232b9120,mAcgOBhz,-500,1,
23515a0e,dHItD16c6e,-500,4,
235eeed9,nhJEAgWRxzqSF,-1000,2,
23730f24,XIzFsntRZGQpF,-500,3,
237998d6,mQet6jaz8eI5iw,-500,1,
2385ba7c,NxRJWNhKkUc,-500,1,
239c0da8,HyTlxczG0X,1000,1,
239d35de,rcK3KZsvkTr,1000,3,
23bf40a2,QwLQwSPsB2,-500,2,
23f68a64,o1p8T84Aq,-500,2,
23fd7ecf,bGmgCJboTiIiS,-500,1,
23fd8fbb,GgUtAVfi,660,1,
23ff45a4,4A8SE1ccg0,1000,1,
241345c3,ADhWMmNb,-500,1,
2413c9fc,S1zz0NQmqM6g5e,-500,1,
2419cab6,P9MdtSQcDml,1000,3,
245f9146,OSQQLaiJ,-500,1,
247e112d,EiGavMbG64La7B,-500,1,
24866475,K1K8xiXBHgvE,425,3,
248b26f0,6TxdUMAqE,-300,0,
249811a9,DfgHTHxAFvK,-1470,2,
24acde18,tLpsciHONTpBmX,-500,1,
24e52e8c,UlNB3lfGkBD,-500,1,
24e73e79,1pMZHe3vMljm,-500,1,
24f29382,sMd5VzylAtL5,-20,2,
24f9d263,z98QZ5NYcBbw,-500,1,
252489e1,HSsV2TzV2wl,-500,1,
2544aa36,fqSOrrffHko,-500,1,
2547c7fd,J1Pw6CPtQx6,1000,1,
255e3e32,WWnVM3Kc,-245,1,
256586fa,7n1ApEBwwD1ld,1500,1,
25772a68,ASmcj9lFhW7,-500,1,
258868a8,VfIqCBan4,1000,1,
25ac318a,DTpHgE67lFQhM,300,1,
25adbdbc,JRByaz7hd,2110,2,
25b71411,zcCe33Mi,-500,1,
25c3dab8,U0yJKoFSsGXq,165,1,
25c44030,8t3G2A3X,1000,1,
25c6b2d9,feotVb7JbRsQNS,285,1,
25c7e150,DhBGGk3gVv9S,130,1,
25cbb228,wNSYVqjnTp,1170,1,
25cd4fdb,MzHzkRBtT,-500,1,
25ebd856,EL6iNHXV5Hf,-480,1,
26077fad,FRXQj6BIA,-500,1,
2609221c,yN1uLhmtgdgX,-500,4,
2618f0d3,rdJf6wNhVy3,-500,1,
2623dce5,MjW5TJJNvbvZPa,-10,4,
2640f65f,nXBzT9JT5nXh,470,1,
265379cc,QRIQOvEg,-500,3,
2663ef96,ymuxvDQEqiN,-500,4,
267ff7a1,cS214MCjc,66,1,
26852816,0QHRf3d7mV4A6,-500,1,
2691d2c8,rFeuxvqrpB,420,1,
26a03974,4i53ovF9,-20,2,
26ad2aa8,WUdWUMeQQ8rzl,-500,1,
270c303d,hmoAjqSVe,-500,4,
270c3bd8,X3Lb8y3dsoLY9,560,1,
272b8e83,EXRThCGH6jlN,-500,1,
273d69e4,jNJrb3kaVwZ,805,1,
27450ef5,wx0GmqcqsBcMPJ,1000,1,
274ba8d3,N7yGTTmM,-500,1,
27672e70,YAjLnNLAz,1000,1,
27685e4b,QCryBqn3OFvv,-500,3,
2778c755,ylPLSDeEUc4,318,1,
278285ca,ZpXUYppkoUDs,710,4,
279673fa,HjWIps2Pbp,-500,1,
27c6667e,YfQLWl1jMG,-500,1,
27e237e8,BM9dw1cAc4t9c2,-500,1,
27f63941,z3DEVuYvr9,512,4,
28112214,1yCBFUtO,-500,2,
28139e3f,eCNAujFhSQo,-500,4,
28494c23,pAzlgEQzjiAOp2,-500,4,
2871431a,cBtk1SHSJ,510,1,
28899348,4oNRtZcGyVxah,500,1,
289b0469,9BDYPnnKsF,420,1,
289f0848,mYoEFfc07tw,-500,1,
28bb7768,3Ovfm2Kc,-500,4,
28c20bef,tCOjB3BXzSk,-80,1,
28f70659,see0v3upc,1000,1,
29201c48,bDyYXXvU,-500,1,
2924546f,PLkDCH5wvk7hU,-500,3,
29273da3,l1yNox9iju0mr,-500,1,
294b5fe7,KO5UishmE5,-500,1,
294e7fa9,18rqezGyD,590,1,
2951c8bd,dWrTXNO7xhqa4m,-500,1,
295d2140,x74PxWEEGsdN5,-500,2,
295e00e9,LtsdBlrl,1480,4,
297348e8,HSSGmKNjn7i,-500,4,
299e2e24,vznXhPPARIm,0,1,
29ab37c4,lF2XCQfuhzBx,300,4,
29ca0973,tICcVSfr,1000,1,
29d22f56,YdPgMPZs04l,-600,1,
29d81fed,xjmEKB3v,-210,4,
29e8c1f3,3K0IoOFe,670,1,
29ff5f57,OF08UstSLvPj4,-500,1,
2a08f8bd,moNTBlmRsjEE,1000,1,
2a29fb62,SLfz1VPAhosw,-500,1,
2a3e5926,rsdaoDVq6LaJVM,1000,1,
2a45967e,ULsMGMzWEvHsV,-500,1,
2a61beeb,8BVyr9Xyu5r6q,-500,1,
2a69a6b6,5zFWD8HsPeF,-500,1,
2a9065db,p0jJVzxOy8YA,-500,1,
2aafb7da,MM8PkEnKwe,-500,1,
2aebd1eb,rqcnm5fm2YhGG5,-100,1,
2af59248,T5I0hFzm,-500,3,
2b066e72,oYBydQWVTaf,-510,1,
2b0cf3d7,ZiJQAp1wM,-500,2,
2b23897e,6oVSIYL5SrfF,1000,1,
2b257c6d,liaR0Y7pfcB,-500,4,
2b27c8f7,0DajVt8zaaJs,500,2,
2b5c3a4f,NSYakLwrmA8eZ,1000,1,
2b81f037,I3dYFPvx1f,600,1,
2ba2a23a,dGX3IDwmgvCE,500,1,
2ba64b44,78028EWLa1Hk2a,510,1,
2bcbbcd5,1ADjYHuTjlH,1000,1,
2bcd0b4c,C9crvwTRXMpEI5,1000,3,
2bd258d7,B0GGdzJJz,1000,1,
2be8294f,MPQodH7p5qg,-500,1,
2bf5b58e,jpmZbpTtgR,-500,1,
2c1cce91,0VnLIA9UK,-155,1,
2c37a921,PjhYemB8y0UO,-500,1,
2c678d63,HUCYYaJdTdBa00,161,2,
2c70d1c2,RH8V13NP,440,1,
2c79dc1c,H9XVC76riwS,1000,1,
2c7b57aa,JkDhB3LQy5k4,605,1,
2c820867,4gS9ZTwpp,-500,3,
2c856a24,kI2xFs5fCn1OB,720,1,
2c85fd84,9T8pJoogDpKY,1000,3,
2cadc0f2,2m295i4ahPK,680,1,
2cbf01f7,FKTLtUldK9Iq,-500,1,
2cbf40eb,cMNywj5AuD,-500,1,
2cea731e,eT916QaslWS,215,1,
2d0c4f1a,qzSoxTtXGjd,-500,1,
2d1e1b3c,KtyDGs4CPpx,500,3,
2d3f9676,lECbLWcP,212,1,
2d4eadfd,c3TJR8jV6Px,540,2,
2d58b390,GDnNdQ5QzOHnxk,-500,2,
2d95aec4,PsAT6UwOJ1z,-500,1,
2da4e43f,ScubAQkoIAm9oX,-80,1,
2dbcaed2,aorN4Q20pp1Ixq,-500,3,
2dee2cae,tT8Qtu9n1,-500,1,
2df40599,SNYqI1SPqwTl15,-500,1,
2e0eef7a,ZIEKimJgJH7PJ,-500,1,
2e0f25fe,PYhh7iyx,1000,1,
2e1cabcd,ZJZd2HEt,1000,1,
2e1d3dbe,ywZoIrh9Y4BQQB,1000,1,
2e5680f3,BvB4HxcYS,-500,4,
2e58a2de,LEj3Ojbhh,-500,3,
2e60b361,r9vdOgKI885K,1000,1,
2e79ae0c,ztrXDu3fdgLV,-500,1,
2e7b79d1,QQ4xwEUOa9,-10,1,
2e7f76b4,L5IxaCXqsVY,715,1,
2e946259,u0AV99fEw,1000,1,
2e99dac3,qOgTyv9nFjjhRh,-500,2,
2ea0f6e1,q0CeO9uDjVPM,-20,1,
2ec024f3,FyYXSJuNwBD,-500,1,
2ec9c7ad,mUGZZq0E,-500,1,
2edcb31b,M0LZyJSJNu5,680,4,
2f13fab1,HsIofMh7O7U,1000,2,
2f442bda,3mRZD6Rym50Cn,530,1,
2f51508e,gzG0nChYsZ,-500,1,
2f6f8f30,clKHZhtcx,-500,1,
2f78ebdb,fpRd38JA9Dyv,-20,1,
2f827197,CqCuigBJOn0z,-500,3,
2f89deb1,Vh73zDxhsz,-500,1,
2f8b6a99,4dgV1asklQy5,500,2,
2f93fa32,RpGIe3qMK,-500,3,
2f9adeee,j74F9tqoUpa,-500,3,
2face99b,HnBIiA7X0e2,1000,3,
2fc4d21a,QFno70QfS,1000,1,
2fcd4bc8,55XfvUuVLxfl1,-500,1,
2fd4fd97,g1dVpj8iz,-500,4,
2fda428d,9Nt4Q15F,-500,1,
2fea61cd,Yz4IkhR6YikUa,1000,1,
300164c2,hCvyGkROvi,-500,2,
301b6c87,WJZS12JC0wm,150,1,
30290cdb,0ETQSuXc6UyG,-500,1,
303a18d7,J6cIJqYjjlr,140,1,
30593e4f,pKz3OYBr5,1000,1,
305f72fc,nTmZbTojyPGv,445,1,
30641d06,cHGpiSeS6uSfMo,-500,3,
3066cb77,0T3f6LS52RH,500,1,
30bf4550,YTOsHpJhMbP,-500,1,
30c92f16,zzxHBl2CHA8CXD,-520,1,
30cfbe30,L1AEXOJSbz,-500,4,
30dd3172,NaxUqF2Wyahgz,-500,1,
30f46acf,HNfLEE5aoCvsuM,1000,1,
30fe986c,xEwcq20tXeWFVt,-500,3,
31087ecd,lnrppvLLf,-500,1,
31342566,OVeWisGD,20,1,
313d3930,EDj6gmEv0av1v,65,3,
3153c2de,oFUIyMNZdI,-500,1,
31579107,ZuBAkf65,-500,1,
315eee86,EopgxRKM,-500,2,
3160e24e,KaXVBo9Z,-500,1,
3167f077,VZMinGPAF71Bag,-490,4,
3173d1bc,1QVjL0o1JZ0dg,-500,4,
317e6299,tSFZH6QuexCt1,-500,2,
319a1a1b,IrVkhWXaEe,-500,2,
31dc15d4,N8ljb156R8lxZq,-500,1,
31f2f476,GguhgneNFAc9C,1000,2,
31faf957,JsmPbWJDpCZ,500,1,
3201dd0c,f4NLufIh6,-500,1,
321096be,sbOLkiz8klvZ,-500,4,
321c5165,qSgV1RuGj,-500,1,
3226466b,c7goAWzNoz,-500,1,
322ae8eb,1z5YnzwVZRedc,35,2,
32335c4f,JUTxr3MDA,-500,1,
32358035,ole3BPUnumV,1000,4,
323f9134,6t6Whe7QHgN,-170,1,
325608a8,Wd1Q8o27lOr,1000,1,
32809f66,0NfeuPIZmLo,-500,1,
32972485,gvSKMrUGIuvCa,-500,1,
32c269af,ffViRNgJuvo,0,1,
32c6074d,ZoIboz4SHV3mGo,-500,1,
32ca6a17,9fdG2sC0sf,1000,2,
32d51cdf,jkRH7G4gARIR,-500,1,
32e589b2,xWwM13da6Ndv,10,1,
32e7041d,SujqMrZIwlR,-30,1,
32ea156e,skXVUDXw2cU,880,1,
330c107c,9q6py1a8CF,-500,1,
330d1a38,Q2VyePG0lq,1000,1,
3318c7e8,3zhdPdYgw82EG,345,1,
33408889,BEduJlNy,-500,1,
336be4c5,D5iCNY8ZLYXV,-500,3,
3385a4de,xYYmsv9lCca,710,1,
33b88173,ahbZmltg,-275,1,
33b92684,I9EVoo70U,1000,1,
33be7bdd,Ti3kP894SS,-500,1,
34113018,OBZoJfSQucbh,480,2,
342a7e81,1BRiyY7JO,-500,4,
34325f1c,HZ86TYgqc3,-500,1,
34456815,8Wo4Taxjvg,500,1,
344920a0,O6iV1LgT9,0,1,
346b2ca9,yZY2Nj01,333,2,
34ab9e37,vD6kbcUG,-60,4,
34ae294e,PgtC2P0v,1000,1,
34b9d740,EJPhIwaPQCnQcw,-500,1,
34ccb176,99dYGipD7NCBs,-500,1,
34d5b63e,YrsI5cKxaHf,-500,2,
34d7aa6c,uYGsnHJfMA9,1000,1,
34d7d13e,LzPs7BbnS,-500,1,
34e88711,jqlfRsw0Kzk1i,-500,4,
34ed234d,nN8I54YZcACcH,-30,1,
353435d0,BPAdhkSg4Sw,950,3,
35458662,3ZNyBIDuEZ97,-50,1,
354b597b,yKkWhfWRhJ,260,1,
355a1fb4,AikkTjaut6Soo,500,3,
357d7a68,WhLrToiTLVgfZV,350,4,
35a3eb04,tYE9ajNAV,-500,1,
35af34eb,6ejWSuwDRc1,-500,1,
35ba1cb8,7hHqUVgXbG3w,495,1,
35be16b4,EePit96FBax,630,3,
35cea835,dUKr6A8eTUigR,-500,1,
35d07415,QuvZyS8a8swJXu,-50,1,
35dc7f13,gTUxj9v0h8wh,530,1,
35e454fa,urup0uJgqLy22w,-500,2,
361ca199,1cqxn3dym,1610,1,
36336908,v1YEX92q,1000,1,
364b386a,U3PpDNdQktZ,830,1,
365d2b31,FsLdQ1nETa,1000,1,
3686c3a8,kLeKQOZEYJXEpA,-500,1,
36961029,JNf36SCypwr6XA,1000,1,
36b74e8a,9lJ1qyssD3gSBS,510,1,
36cfae90,J6PHLlOYbzGM,-500,1,
36d27e38,F6HmI3kNT,1000,1,
36d89a55,VLNEaya3RV,1000,1,
36dc0634,p5Pv3x5GF,-500,1,
36decd53,b4RJcegNJl,-500,1,
36e496a9,8MUZo93ejqj4,1000,1,
371c774b,ufNdGE9D5E,162,3,
372a44af,Y55qzqZAjOD,-500,3,
372f58bb,3BEZzYWi6lR,1000,4,
3739cf93,wqf3hJB3bhXzwa,-500,1,
373fc522,8pp0cyCxGmCJ8s,-500,1,
37443942,5l6QecnKWviY,-500,1,
375a70d1,4pAfGVMYX,1000,1,
375ba629,mn8XNB7Kme5,1000,1,
37662b14,U8sUcAS7,1000,1,
3771ef23,HzOkiDwg1m63,-500,1,
379775b4,Wy1F8hSY,-500,1,
37dda4d9,NSuxlLYGXNN,1000,1,
37e8db14,VsO0h6yU6Ru3r,100,3,
382dcd80,ax163JHl,510,1,
383a05b1,w4TEqMqSfY,1000,1,
3850cad7,KyKVOmlyxV,-500,1,
3858685e,7n07KZwGpy7j,1000,2,
385ef60d,cwBDqGcJBrEE,-500,1,
3866c12e,zB2euFB2k,-500,2,
3890b0e4,PIFXJbEKU,-500,1,
38a017f5,9oxnNV7L,-210,3,
38b1ee45,b2RBm9e06510,-500,1,
38b87d95,4c0M5bdgGUf1,226,1,
38babe03,5qvZMejj2xDBr,-80,1,
38c0b3e7,kB0MjhmE73,-500,1,
38d909d8,DMRxgJQC,1000,1,
38f43c89,t8TkxUImvlTvQ,-500,2,
391858f5,flWlsYGZowg,-500,1,
391d5dbb,s5tUNIxT,30,1,
392bea77,ZqkcSv3c,-500,1,
39405f7c,gd4qZdMB,-500,1,
395fb556,HDKwlchOpY,-500,1,
39798464,cLzn89Hncqd,125,1,
398b17d9,9Dihd9nAMK,-500,1,
39bf0ef1,DWOEO0neAegVcw,1000,1,
3a134128,2NRflg843R,-500,1,
3a25d8e7,BAsWYn3qgGGY,-500,1,
3a2f983b,CdhW47f6,550,3,
3a4e2257,6R4DWGrJLCRe,1000,1,
3a5dccb3,McpBAbgaQ16Y,1000,4,
3a864c00,HaK4YXONq,1000,3,
3a9150d9,MnIHdi3I,1000,1,
3aa55edf,orbMJ2N9MIZ,1000,4,
3abc407c,iaCnct0A,-500,1,
3ad9573c,9ecfCH97y0vu,-500,1,
3b029818,rr0RN5vQtO,-500,1,
3b0e3bce,lUl5BHm6th0U,-500,1,
3b0ff137,A5Z2jvFwtY9SF,-500,1,
3b11d131,tJ2gDS6P,-500,2,
3b252211,lBz0GJx2vXuG94,-500,1,
3b2ff38c,NHexxDkqckC,-500,1,
3b40e7e4,1DApkBVq0F,1000,1,
3b5fe6f3,79prvx3vCeHov,337,4,
3b7f8554,5iC7bBeN,125,1,
3b7f9dda,1cidSBrq9aO5,-500,1,
3bac906b,KNzl8sPCUhh,-500,1,
3bae0c94,mLwXwhou6F,515,4,
3baf7bdf,lGbzfAu5Ah4hZs,500,1,
3bb281f2,N83d1Sfo,-500,1,
3be06623,TQVZA3I4yzO5,-500,1,
3bef4f08,Fqa4dapLG23,485,1,
3bef7888,6Tqsl1QoY,520,1,
3c089814,gJs9jwDHv,-500,1,
3c0f757a,Wi6VYrIG,-500,3,
3c1a6765,MwN5qv7t,1000,1,
3c38c33c,1RVAfOOK8pP,-500,1,
3c6b87fb,QSSpLSk29Jr7Lv,1000,1,
3c80ef34,ups22hT9,20,3,
3c8e1d80,o68spATT1Eu,10,1,
3c987817,KJP2ym07K,-500,1,
3cb21e9b,0CqBgO9NhmmjX,1000,1,
3cbeb80e,2TZ1QumrZ6O3,-500,1,
3cc9af93,2WVYN2mC4iz,-500,1,
3cd6c1bd,9Fca68KyJqYg,320,2,
3cd7f91f,WzGJIkGRhc,-500,1,
3d2abd6a,vpvYaQNwp0v,-500,1,
3d3345f1,Oc07kIRKkdcpol,-500,3,
3d3aec2d,TlxuKQWAVvT8b,1000,1,
3d3cd3c8,rpT37WPJN,-500,1,
3d5d5cf1,wmw2EB9Uy41A,1000,1,
3d67a4d4,m2Fa6Zg2G,-500,1,
3d73cc01,NZTgEjeINf,130,3,
3d8ba8a4,UmJr3NrmXc,1000,2,
3d8c6c21,gk9w9wpNas38q,1000,1,
3d95ca8b,N7qj1MoGQS5p,1000,1,
3dbdcdc2,LFgVD7iEJK,-500,1,
3dddbea6,8WvsmIiViVl,-500,1,
3dddc36f,MTmriUa7MDFAt,1000,3,
3e6ac76f,ikEbKCLA,430,1,
3e6b0f86,rPKayvaXaRAVsw,500,1,
3e7f01b6,RTtqAYaxaXr,-500,1,
3e834aaa,5QIoJSCR3CNe,-500,1,
3eb50860,0rGdfCd8X,-500,3,
3ed56f85,5riifrApbScrP,180,3,
3ed8b21d,2UfhmkQFNb4vY,-500,1,
3ee41681,SnKhiC6i,-500,4,
3ef7917b,gP5GIrWZYw,1000,1,
3efcd5a5,h7kZ2KQ7W6f,-500,1,
3f092eee,zC0BDjfDBubN1,-500,1,
3f1536c1,gJno3f5RJ,2000,1,
3f1ee8f2,qneDHseLl7El,-500,3,
3f4439b3,bajQmvtVJE,-500,1,
3f56c143,TGkYxmNPkiopr,-30,1,
3f669eb0,YypAzRNxeDY,560,3,
3f76bdeb,LgAMtEpIKYKF2,-500,1,
3f7c30a6,33bM3YJoCVfa,-180,1,
3f862057,iauPnuVlqM4Pb,-500,1,
3f870de3,zUeBuYKt,-500,2,
3fa0e80d,Gy5Y3XJuV54e5,-500,1,
3fa5ac70,yvEP0xbvu9s,-500,4,
3fbe7671,F2pXvY9bUcikbr,-500,2,
3fe4698f,U2LmBa8ID,240,1,
3ff134cf,th4x9GKPeZmrnK,-500,3,
3ff95718,T7SafBexO,-500,3,
402231be,Qda4rngKU,670,2,
4024009b,VJd5wo2CsmRAp,1000,1,
4033a286,YGuVpJLSUs,-560,1,
4067166d,K3Sb29AsIhH,1000,1,
4096951f,aPlW7U5qx1c,485,1,
40b2d3dd,gc8Siwu9kP3bik,-500,3,
40c82308,vqYe2gYw8IfyoP,-500,2,
40cfa27d,H1WBv8ts,670,1,
40d194d2,WCdrNHBv60ZW6,-1000,3,
40d91def,H0Djr9S2pEm,-500,1,
40dbf93e,6Tnyv16cO4xXz,1000,1,
40de47dd,JiDc1epr7q,-500,1,
40e8b916,13vAepCCiucg,-500,1,
40f5f59e,mc6DMG8sVxzhG,550,1,
410351c4,OIlgP9b4qb3,-500,1,
4115cb5c,ALrRRFJQ,-500,1,
41481fd9,XlMN7SsID,290,1,
41526ca7,c6cc441VbbJGBS,-500,1,
4166a7e3,ApMAN1osHs,500,4,
41739dc8,lpBWsxd8z,-20,1,
418b6ea3,j5N2i8bXjG,-500,4,
419540e1,YtSsY4s9IWyb,1000,2,
41b2746d,llF2lTRQap,-500,1,
41babd20,0P4ArYPvij,500,3,
41d9c197,lXDkIKnt8,-500,1,
41e7a8a5,BsvA9trwNrRQJ,-500,1,
41e8390b,nA3t04j6uL7A,-500,1,
4200d48c,5ZEPCxaqMM,-500,1,
42026285,irx6cyltiL,-20,1,
422d59fd,7PZR636akH8F,-500,1,
42305f43,7zXXSprTB6tM2,-500,1,
426c61e2,qxs7QvKYKgI3vJ,-500,2,
4272ac21,ml8WuCIiaW6V,-500,1,
4283bd87,YLI9GvgX,-500,3,
428df047,YqxM6h6Nm6,-229,2,
4298d2a1,pQUwPB5oBgK2G,1000,1,
42ac97cd,zXvxtucVM,-500,1,
42aebccd,cBageyKa5z,-210,1,
42bedd53,FYvFGdI6tp,-410,4,
42c4e4c5,XTAyZ4V5uik6FD,-1000,4,
42c8f7a6,4zHHmTrwbnu,1000,0,
42cad893,cgHWtcNmrVVji,-500,1,
42ddeffa,IIK9rmiXrcE,-160,1,
42ed84a0,E3uATwVan,210,4,
42ee63c3,fBGNoPCZHK5RiH,220,1,
42faf5ab,qhc3ENBjIRhl,-500,1,
43099f07,hXgeTOILmC,400,1,
430aa037,zQdQie0X2,-500,1,
430cf1e6,nrgtQVd11zQwD6,-500,1,
43144504,bBp6k9RQbjgIMd,640,2,
432d535e,834HgXvzqt,-500,1,
4330e9b6,p6YxIT0XcHKrl,-500,1,
4360fb8f,kAEIOIrr,450,1,
43610986,eSCh1MjLfee,1000,1,
436edb91,2qb7uByPPT,-500,1,
43702f99,FzYlhaAGQh6C1v,920,1,
43768e07,cfebDxlQJM4,330,1,
4389165e,Gjp0lFncp7,-210,1,
439de092,j2wBzevXPukb,-500,1,
43ae4a39,J62vghsSfZs3n,-195,4,
43b994bc,291vrvkCiFHInO,-500,1,
43bda7f6,dakNuVtv8e82,-500,1,
43d86fa8,OTubMig7,-540,1,
43e3cd14,Oiezk6YP8c7g,-500,1,
43e5f9cb,5PO5lQGe,1000,1,
43e7de26,pqOCfwuOvDLS,0,1,
43f05442,RIhBuang,-500,1,
4403336d,9Z3LvNpvn28eD,1000,4,
4436f83c,ZtuEnNDvEb,-500,3,
444d91b3,wylB4RMmPv,1000,1,
44588b31,LapqT5y6FNK,540,1,
44617e4c,UgFMIrVd,-500,3,
446c41f4,AbXbpj1ZGx,1000,1,
446e1bd5,V11U4dvpWt0G,-500,1,
44897409,M9TEMNcl3oxe,-500,1,
44a1dd43,idye55oC9s0n,0,3,
44b55406,HsO3PFxb2e,-1500,1,
44f7b769,3gu46X5NHT05,-330,1,
44ff1903,25c0cMzr8,1000,1,
45004762,9DVUeaKWRpiB44,459,2,
45279770,zdbEZ4ONKByk4A,1000,1,
45321c45,ofarE1ci2xzR,-500,2,
4545626f,09SXAgX0F6Ni,-500,1,
454d637a,BfCLUp1z6W1fZE,-270,1,
459c9e87,XUPeqWr9zCb,310,1,
459f116c,gmN2MROONGc,-500,1,
45a2e38f,RUmhjx63Pqg,-500,1,
45a943ba,Ns7UI1k8,1000,1,
45bb5f9a,r7tpJYlawx4Xj3,1000,1,
45c43ae3,SclmX81t,410,2,
45d880e1,CvfsEDMO,-500,3,
45f05151,Uj7SvLtuhd7U,1000,1,
45ff7286,TkpYUAjc8Ee,-500,1,
4632094f,9qHCDbol1,-500,1,
46405d12,tSM8R6nFnt66vt,-500,1,
46430094,k6F29ZDNG,-500,3,
464b4f58,PRxWqVkCa,520,4,
4670632d,Ch31qmhDLBbR,-500,3,
46711d3f,28W129cx2SiZ,-500,1,
46806e8e,cbgqUG5ni,590,3,
468bb78a,vMSD8uIX8irKVI,1000,1,
468cb9bf,RucttMLHn,20,1,
46981501,Kboin0VMlsMB5,-110,1,
46ad19dd,dG1SLoMxk5AbC,230,2,
46aec292,cEbB6ZEqlIQEw8,-500,1,
46af6658,HwWGDAnHNHL,1000,4,
46b39a61,qoPR4aGA0n,-325,1,
46c2bd23,8ceoNT5wxRZY,1000,1,
46ec5ae4,xLA3vU8coO,440,1,
46ecf7c6,u6Anu3E6pMSBH1,-500,1,
46f4bb0d,rE1LtwKR,560,3,
470a913f,jh1gWYq7dUecn,30,3,
47115707,D21QWkCeJ2t,-500,1,
471fd366,nJgzvTmPqm9LE,-500,4,
472da039,MJZdBteR9L1YT,-500,2,
47339cf3,eWIZ0ccaTP,-500,1,
4736251b,is3VhscM3,345,1,
473c5d0c,OvKsYd9aV1tKi,-500,1,
4743c046,ChaknJ69PD9mk7,-500,1,
474ed7de,yMniFt9vX5E68,1000,2,
476f2c5c,62TpyOYGMTycj,-450,4,
4781fb46,PMkDs21dFbc,-500,1,
4787de1f,fnKbWUgERb,-500,1,
479b8831,dZnVLOLB,-500,1,
47c73574,V76pbKk60p,-90,1,
47e1f482,BWICuQFLLxeZI,-500,4,
47ebaacc,orqXJHw7nIxld,-500,1,
4817f7fa,PpREGtjeJ8Ae84,-500,4,
482ede22,xDXALYFoo,1000,1,
4851c297,gEcq8khPeU9a,-250,1,
485383d8,L70VaZ8ml7LLV,-500,1,
48935ea8,ADyRCE3maKwt,310,1,
48957498,QqdprgIxF,-500,1,
48a19b09,NmUbQcDN,-500,1,
48aeb404,ytVMyb3X5,174,1,
48bd9dae,j8A3LTCZA,-500,1,
48ccb43d,5hkgkr8gCUnqe8,-500,4,
48d0c5a4,fhPCbBLduewY,-500,1,
48e1bbc2,xRFzoWSrv52s,-500,1,
48ea09a5,I9nROnQjDyxQ,-500,1,
49289e94,jfDp3w76eiR3Z,590,1,
4929fad5,Q2u2M4FyJRhk,-500,1,
492a830e,vgtb2WqXbLcUPd,-500,1,
493e28c2,Aqt0Ng3c,500,1,
49416f42,CfEPoNECJymCAF,1000,2,
4958cced,1QVNM9ZcA,-500,1,
49782e81,z6PCgRWUGA,-500,1,
497cfe98,vX5eevNKLuROAc,1000,1,
49988820,C8ODozOVljO,500,2,
49a36f8b,3RSdnQYnGHlan,-500,1,
49bbd218,GskPjVdIbb,1000,1,
49ec82df,vbNaNSZM,-25,1,
49f01042,G6n3snNtuX,1000,4,
49f2ec05,Hq5puzjEmX9s,-500,1,
49fa238d,4uaslNrMs,-20,3,
4a0745b9,Ib1XHW2MdnBP,748,1,
4a0ce736,4VKoFNywf,1000,1,
4a24f09b,nG3zXHuyQy0,-500,1,
4a2bb20c,kc3NbzHfBaf,-500,1,
4a37e3e7,4S2NhW7mATc,-500,2,
4a506d11,mgpe6i2Zq,-123,4,
4a521e36,sCFB3ePO,20,4,
4a60c5fe,SMoMcCRK,-500,3,
4a64cc68,1BxDNZu4pJW5m,1000,1,
4a7bc225,b6unKTRbTmML,-20,4,
4a986b87,2xZn14rFcZ0l,1000,4,
4a9984a0,5p6sbA6g8bcP,-500,1,
4a9ead33,SvagFSTE5tsUH,-500,1,
4ab0e533,hKfysrtPbkc6s,-40,4,
4ab9558a,ZqKcwu2eb,480,3,
4ac7a0c9,HtV7pT3LZ,1000,1,
4acdc03f,fy1gBN1u,-500,1,
4ad9f995,HEhTVjbRDOwbx,-500,1,
4ae216f5,AX5rIQF1,-500,4,
4aea0a28,o0POPzMT0vjjC6,60,1,
4b18adca,JL2VnkLE1,-500,1,
4b3b930b,vSWjaqp41qo,-500,3,
4b3df721,Rkgs16MHpaOCnv,-500,4,
4b43dea3,ZlrsKYXiTPyTJr,1000,1,
4b48267a,crFulqyM5,-500,1,
4b63b7eb,Y1FyzyPYIwZDfT,1000,3,
4b80caff,OUMtG7sdG,40,1,
4bdf090a,OP2k66J4zjAg,470,1,
4bed3115,3necclnRpG97mP,1000,1,
4c2ae2c8,7ptoOECEyLS,1000,1,
4c5ad727,lUYSe0bz0,-500,1,
4c650d8b,TstRvDCaj,1000,1,
4c75ecd1,wrjUrB8lLrU,-500,4,
4c76aca9,MX9tGmQ4s,1000,1,
4c7f538b,nl3WEykcb,-500,2,
4c8383aa,0VudeuH7,-410,1,
4c847cf5,fgNWsfXwDgN,1000,1,
4c8a2693,sfS5jeenEzWf,-500,1,
4cbe5f65,EIWjvmqm3,-500,1,
4cdf8b75,XHjVjkdeh,1000,4,
4cf7bbc7,fw7d5uWtpH,550,1,
4cfe6450,1oDKhxbq9xrLq,180,1,
4d069c2f,GsE6WLsL,540,1,
4d09a2a0,6wJi7tgThPxbUk,1000,1,
4d5f31e7,SDjtHF1ZXw,60,4,
4d65d796,oQPcT3M0U,-30,2,
4d699543,M0wlZRtPl,-500,1,
4d87a905,3nzXtiNM,-500,1,
4d8d4c6d,ksh5YggtxSIMQ,-500,4,
4da1fc91,IzQAQiGwC,1000,1,
4daa7bba,fCWLtdS2FcON,-500,2,
4dab0998,n5WUxEYrYNJDgW,-130,1,
4dbc0064,PJxDB39gf9Y,-500,4,
4dd0f221,CWNNJUQ1M,-500,4,
4dd825b2,9wbKqpONYEI049,-500,1,
4ddf6ff4,J8suHpgVTFd,-155,1,
4de892b7,vumApTCdq,-5,1,
4ded9f5e,OoU558hnjr,-790,1,
4deea7bc,dP9yXFEcej,-560,1,
4e4ec845,u7GBxKxFOgf,1000,1,
4e5f2825,M9puZHt1LE,-500,1,
4e656daa,jtLHBgUWi2,-500,4,
4e673fe8,kCZpwQ6D,1520,1,
4e68f41f,QYrkDdyDG,550,1,
4e97599e,zetc5auTMP,-500,1,
4eb11015,qYXPWN9aExF0r,-46,1,
4ec4c7d4,xuZ5V3xXM7IarL,1000,1,
4ec97075,igAHyYt3W,90,1,
4ede096a,CFyKAGX1qi,-500,1,
4ee15eb4,8pxbAxuVHFCLZD,240,2,
4f0beb5a,E3DbqFCE7az2dX,-500,1,
4f1364d6,Z1Q0ZH4vfO,-500,1,
4f5bafe4,MNlLJpH5T,-500,1,
4f6f473f,wvLmfesPEF7,630,3,
4fd4ac62,G2hh9gQNpSD,1000,1,
4fda3ea5,Ax5uODZZrYC,-20,1,
4fe4e5d2,d2k8tqwRrF,745,1,
4ff6142e,PYzTkIUSI1,500,2,
4ffd348c,U0kvqDPqD9WSh,-500,1,
503e93d9,yj9C5M2aK9dc0j,-500,3,
504a2c53,KuhbAOm3Q,1000,1,
5062f5af,ZRp2fgcR,1000,1,
5077670d,xUOYwVO5SfQou,1000,1,
508be2cb,nOYUeSDlU6EbS,-500,1,
509a8887,Xk4odEcMDctaS,1000,1,
50b147db,IDqiGOV0zcg7q7,1000,1,
50bdbfea,RnHh3FSlbkee0U,-500,1,
50bf982f,skxsgwkJtG9ELL,-500,1,
50c7ecdb,aPbgfuytk5i,-500,2,
50cdaaea,lafTXTxU9ulY,1000,4,
50eb9cb7,XGN5QDsX,1000,3,
50f4bc18,fGyrYeKQ,-500,2,
5104a821,EMv9628av1EC3,-5,1,
5112f2d9,NTcxfF8jD,-500,1,
5126b3d3,M4aEtDtkM,-500,1,
51439177,H61OlY2gNOi,-1000,1,
514c93fd,cltMvkhaMzg5,-500,1,
514da393,Mwce4CbLTE1,1000,1,
514f9e5a,K9cekSTIBjgi,1000,1,
516532c8,71IihA9TZ,-500,3,
51877b66,YrCcCjGXW,-500,1,
518e0e75,fqa11xNioJKHH4,330,3,
51940be1,S0CclTo4,858,1,
519c4384,aqKl8NXq,-500,1,
51a2ee7c,s6HgRSHj,-500,1,
51e3bfb4,RYrLUEmBkfZR,1000,1,
51ef1cbc,AThRCC7dQ,-500,1,
51fca5b5,RasKBGjx54ceFx,-500,1,
5228cef3,X8UnEtMsmr9,-500,1,
522f0d9b,M7Ys3vZoYGr,-500,2,
524eb77b,PLlp68ODqINL,1500,3,
52704f1c,pL5zsn2Hfi6oL,1000,2,
52735053,qQWKhfYZZ,1000,1,
5293b46f,UB4Dvi5Tlv,1000,1,
529c8af3,MlQVKdDeZ,-500,3,
529e17fa,rYC1Hl0G96O3,1000,1,
52a21643,NyqTLtFoYPrsBE,500,3,
52ab7d0d,x0tVLXzF2,535,1,
52ab8921,7Zz0muT1pYkPfm,500,1,
52be5037,HbPTHpI2h2f,-500,1,
52d65949,JQBtPAhAbp0DaZ,-500,4,
52dc508f,v7xaCr8yg8,-500,1,
52e97394,ZW3yS7TV,-500,1,
52ef3e93,lEkp5yTi,-500,2,
52fb493c,ZmeihQacm,1000,1,
53289f34,9XbCMqR9,520,2,
532c8e8c,TPR871GbYiZ,1000,1,
5367eb11,XIvAYpff6R1w0C,650,2,
5388113e,CkUqnohjbLaTt,1000,1,
53bff7da,SlhVEvQlj,-500,1,
53c14650,UNWa4t0qgSnVv,-500,1,
53c8b38d,LmFNmbJDIK1j,1000,3,
53e33be6,HEd735hGY,1000,1,
540649cf,QocqegmUc,-500,1,
541e757f,irPupQI79ipu3f,1000,1,
5421bd01,qVr42J5OeYwqtB,-40,1,
54676473,QyTrsHwR2,-500,1,
5471797d,bBJcJlk557VK,-30,4,
547cd337,k8XvBbLqh,-500,1,
54bb7eb6,jaAwjletqQG2zI,-500,1,
54d0f381,kR1EuAViadU,-500,1,
54e7a6fc,tL4tT628t3,-500,1,
54fc4eaa,tkAbdKW6GC55dg,-1000,1,
550b7f54,PjeFu8AWfww5U,190,1,
551a3788,GmDAVUimnyD,944,3,
55514ec3,IKZgauzg,1000,1,
559a6175,9rsILDq6wMd,-500,4,
55b60a2e,r2H2gt0mk9BJR4,-500,1,
55ba51bc,FcHbawt3w,60,1,
55d77dc7,YgCo2sa7v,-500,1,
55d92803,L61ocj6Ts,-90,3,
55f4ee4c,vJaxfRtWgap,-500,1,
55f78ad9,HgfjEuBaMtWSw,-500,1,
55fe60e1,pcvmY5X8e8,-500,4,
56072627,I7kE4EeE,-500,4,
56082a1b,80qjndXBF8m8x,-500,3,
560b36b1,Zh8vSgyN,-500,4,
561c5278,SMHO1XyCOiCl,-500,1,
562d0047,lPet607oIY1,-100,1,
563dc680,J6kT2A9f2p8hH,-500,1,
5640731e,MUNzQwiykZqZ7c,-500,1,
564dd4e3,YY8ZL6PeuXDSa,-500,1,
565a8722,mJXqxTE6ul,500,2,
565d22e1,nwUQHJEQ,68,1,
5669575b,CCYAw9IzjsTs,1130,1,
566d70f5,WCMGFnMhXduJQv,-500,1,
56747c81,onOv3cQem,-500,1,
56788e73,JleIyGf0U,1000,2,
56922c0e,qoo6VKZ4Th,39,1,
56a1cb04,USlost4hM,-500,1,
56a2b71b,ZY3Iw4AqJ97LFE,-300,1,
56ab69be,TB2qeHi1L,145,4,
56e1a205,O91bsncN1CL9,-500,1,
56e63d0c,Yw8EoUKv,1000,3,
56ed546b,f6QqGcxBOV,-40,1,
56fc1313,p7P2Ldf06m,-10,1,
570477bc,PX5wPkoCcbhm,-500,1,
5707ff44,CVHTY7gN4R,-500,1,
57095c65,b42ctWgx6,-500,1,
57103617,p5hXIjZieXHj,-500,1,
5729f5b2,ZVfMGrxQMNIofh,-500,1,
572caf98,JYn0tkZNP4,-180,1,
573c6e77,ZUxe1dMF8T6,-500,1,
57665254,mGFoNLH29e,1000,2,
57939e0f,n9idHZ5e,490,4,
57a2926c,LZXKAP6ka,-500,1,
57c903fe,qK3vUpYt,2390,1,
57f085a6,16O0Xhsh8HI,200,2,
57fb797b,BhiVn7tdDD,225,1,
58097062,BvcTz4IX00m8f,-500,2,
580bccb9,BmB4Ujco,855,1,
581c0394,yHfkBn9p5FaQC,-500,2,
5823af5d,EotTIOPU,-500,1,
58284da5,onAhnfTCjVHWtt,-50,4,
58320afa,MkQAKauhi0JmGz,-500,1,
5838f77e,R0SYXaSsjHXB,1000,1,
5852eb8a,VkwRl5Ea,-40,1,
588cad7d,I6LOdIcfhX,-500,1,
58977474,jzEM0qliM,-1000,1,
5897beb4,7CSwzwz8EIP,1000,1,
58afc99e,7WPKLJZtTbc7p,500,1,
58bc52dc,ELf1nxgTu,-500,1,
58be122e,gW0YkNN46,136,1,
58dd8742,5ETqOdA06nnq77,710,4,
58f7d4ab,N1TO07O1fCxt,-500,1,
58fb35f9,2UTpYLff,1000,4,
59422ef9,rKmIAXBTWvIe,1000,4,
5942a136,G8iQnlgvirj,-500,4,
59668f57,BVUip4Zx,500,2,
597f9e61,4Xi2vQwRCYtD8,-500,1,
598152ec,MS1FsjYECCUZDU,-500,1,
59a250c4,ZppF5ewNUk5mHt,1000,1,
59a302e3,5z1LoMPm,-500,1,
59a453b1,I7YjOdLAbOhE6,432,1,
59a8e2f2,5UzrCHLaygoh,560,2,
59b890d7,H96Dznf8u7j,1000,1,
59eb66c5,ukGMFr769u,1000,1,
59fc6877,r0dE2DKIhC,-220,2,
5a17ae79,e9zzmCQP9l,-500,1,
5a2fe43d,LfQqX0kZ7v,1000,3,
5a33d315,noeWa6CqxB,130,1,
5a37d401,e2MltGOU,1000,2,
5a5dade1,4b4ZPzYKX,412,1,
5a71878d,6KNtkVYfKSF,670,1,
5a80dc0f,pVGODsHLU,-500,1,
5a80e342,cIDTp3cOpIIZ,560,1,
5a8a6f87,ffc1WhhZMt,25,1,
5a8d89c1,R2AtPxTYI3D,-500,1,
5a918970,Xh1Aavb1,-500,1,
5a92b650,ddfqliFw5ToDty,1000,3,
5a9e39c7,ed7MiPw76mf,1000,1,
5aa7e4b3,Q1QJNgOXdaHN1w,-500,1,
5aea38c0,8CfO5h5kb,-500,2,
5af6536b,kGebRQJKu7YM68,570,1,
5b2263aa,oUTlfSt7DNx,1000,1,
5b5a95a9,klg8KkWBRnh,1000,1,
5b5d19ef,2BSvnoy6H4lg,1000,3,
5b8008a1,dtNcf6WrCPj3Y,-500,1,
5b88769c,U2gePJLw,1000,4,
5b91bbc8,Ay2vVOsu,-500,1,
5bbb22e6,IbPddSfZq7B,500,1,
5bc42878,4yzvM5Nx,-500,3,
5bdccbb1,uAol1AYvi,320,3,
5be38cf9,gGJAHvHnAC2kJ,1000,1,
5bea142b,Ltnft7alE6,1000,1,
5bf04d9c,nRpPfyDKPcCZS,-500,1,
5c04b113,aNX3w80EqgS,-10,3,
5c094ee1,Tv9s7oHiyIaY,-500,1,
5c0aaf40,8NcfQeIUR,-500,3,
5c209228,N8pWMkXcExbBx,-500,1,
5c329835,zAowX7HrAS,480,1,
5c39b8e7,Vf98mzFt,1000,1,
5c3b9dc8,tnYiKMnfsNSx,1000,3,
5c41fce8,Ck65PlgxJJTv,-500,1,
5c602edb,VfPvLJ5TA,10,1,
5c6e99f0,qccG7dCE7,-500,2,
5c808879,46OTbezZMD1e5,-500,1,
5cb6ec73,vbZqXYckLg,-500,1,
5cbd3b35,x9pbG16H4JB,-500,1,
5cbd534c,CGN3gTrFAqGVAD,-380,1,
5ccfc1da,jxRbhdiwJF,-500,1,
5ce0f55a,PmvARizbqKxWRk,-500,1,
5ce7ee4c,EmbTRBYeXlbt,-1500,1,
5cead2ea,oGgjqkrpnW,-190,1,
5d0bc625,S9j9ZTr8zVA1,-500,4,
5d0bf2b1,gTbeWQgm0x81o,-500,1,
5d17254b,Sn4Fl4NkJ,1500,1,
5d29ed09,p760RbLYa5Q1,-180,1,
5d33265f,IzPGhzWMgpTR,1000,1,
5d3d4721,qxmZ3LtkbuPv,-500,3,
5d4346c7,KSY9aabO,1000,2,
5d4d5325,neawVM3jy2rNhd,995,1,
5d4f56e8,bS7vzGLQT,1000,1,
5d6a2c14,zNqNnDxNVHv,-500,1,
5d755037,TtkyaEE0ioNA9,-500,1,
5d8cbe59,1bXrqixfrb1Wf0,-500,1,
5db0a4fe,rLPDLScyXeV92Z,-500,1,
5dbbe097,AP4B9nryA,-1500,1,
5dc86ab2,oVOCNWZ3,-500,1,
5dd1acd5,cVKPpSQo6v5D6,-1000,1,
5dd8c71c,yHDSodnag,275,1,
5ddedb6d,FW98a7hzmw8,-500,1,
5e0482fc,g1DNoK51nWi,-500,4,
5e1ab55c,q0EyjbKkBCou7,-500,1,
5e265cef,epXYxaUXRR94S,1000,1,
5e29214f,R3uts5It,265,1,
5e512efe,Mu813dVW9pmj,-500,3,
5e5a76df,wyDsE9bsGOFte,-500,2,
5e60b39d,KG9X9zcZKF,-500,2,
5e641b88,TzTyQpMJ,-500,1,
5e74093e,dfhuuXDQsFSf,-500,1,
5e85c11a,6kUMdYW2sxlxyp,-1000,1,
5ebc9e8f,qPCLRS4q5oW,-500,3,
5ec7dccf,chlHX8Oa2N,-500,1,
5ed13916,6ifwwKFp,-500,2,
5ed9e143,7pO5Va7o21,-500,1,
5ee7d96d,GFKvDjXIDl6J,-500,1,
5ef518f2,eBL6PV3ZMr2,-500,1,
5efeae7a,oegu1hlLY6u,180,1,
5f08b627,jVZO4ZyL,1000,1,
5f0af023,BAsBQsgvS7gBk0,-440,4,
5f0c29bc,twZFoVBbnN,-500,4,
5f1bd408,ul8ClmP7qCGk,-50,1,
5f2387e7,bNTUsb0E5z6,-500,4,
5f29bce6,UKUyfqtXt9d1,-500,2,
5f4a3bff,Gg4ztykK5,-1000,2,
5f65f172,XI5XJIyaCY7V9,-500,1,
5f706a28,WvJNWYPtd,1000,1,
5f70e590,nhwEKsAmorYyz,-500,3,
5f7a2c61,gR6Wac1K,1000,1,
5f847a12,lqp3sSWJzcqz,-500,1,
5fa32462,J82wrN5K9MT2b,-500,1,
5fa6d2eb,fCHYYjIax,-500,1,
5fa87ae2,IVlEHdQfI34tt,1000,1,
5fad05fe,ZvWIOsUF3,530,1,
5fb3d085,P2bl4vlo8,1510,1,
5fc5db23,UjxqeKoqpQ,1000,2,
5fd82cf2,E48MEojFd7DV,-500,2,
5fe98cc2,tAXLkXGi,-220,1,
60139bd7,TZDr5JfCzjtQvi,-500,1,
601e69c2,c9GUxgq1LR,-500,3,
604d944d,uBDAZMSI,1000,3,
6057bdeb,80yGX8qnZy,-500,1,
6076a306,PPDfOyUna,-500,1,
607804a2,dPVJfkN2k,292,1,
60e90efa,keAvKFa8I,-500,1,
61055829,z2PQotNipP,-500,3,
610accde,62I9uGQI,-500,1,
61193cd5,v5E85BqXeG,-500,1,
612a0024,8Xl1RPHJF,1000,1,
61431614,7WatdYCWu,-500,1,
614e152b,eEcVe6Tf5,1000,1,
6170e8ae,uSPMQf7FtTj1,-500,4,
617d8ec5,3wdCd6sCq,-500,1,
61804730,L31Y4tCEKhA9BM,-500,1,
619694d0,RlQVxu4BV1,-500,1,
6197f815,QXO1bwUZn,-500,1,
61a81467,qyKc15oftliCS,1000,1,
61bef563,NJLtHk2u067W,420,1,
61d0bd71,452S5mIBViv,1000,2,
61da886b,DI2JnH8vM4td,1000,4,
621147a5,UJ4iaLcg7Aj,-500,2,
62156ebf,g4aYtqy2UlLoTc,-500,1,
6258449c,lsoU88UBr,-500,1,
625b324c,WUAMZfGxkIF,-130,4,
6261fd91,ag6T3AQJjZfBL,-500,1,
62a29382,muKrjgEg,800,2,
62bf03be,wwGELKVqt,1000,1,
62c54eba,kYKpjS1Vuel,-500,1,
62d2d034,EiRQ8ym0gWtLA,-500,3,
62e6af82,tHOLIkQ1,-500,1,
631434ae,h0jHvTUS,-500,2,
63384953,WUO98KSXQF,-500,1,
63499c2c,Mu2VGtd2S5P,840,2,
6358c22b,6fmwseomjlxex5,-500,3,
637eacac,05KJkqgiIdF3,270,1,
638d0be9,SUZSempS2WoJA,1000,1,
6396063c,rKUiEcRWnEwFn,1000,1,
63a702f7,fOaqjXQxJB,-500,1,
63ac4d19,JSw6XaSkz9Nu,375,1,
63cb1ea5,roiB13OUgQe,130,1,
63d83a7d,sqkuFY7Bji,-40,1,
63dbf51b,LLJC3Jwc16K,-500,4,
63ed73e1,44GogwZ1U,-20,1,
642904bd,bA99jU46jOdO,1000,1,
64364c73,bxG77O6XOoyR7q,-500,3,
643c3c82,I1RwlH5FTD4,-770,4,
643f674d,Pt5YgqWDoF0Q,-500,1,
644e854a,G1tSX4nWI,-385,1,
646d72b1,KBG60RGWJf,540,3,
64780f59,qIgXZsGTXvS2Ac,-500,3,
6486fc88,doCYEsmI1yla,-500,1,
6488e1e2,vRxRSY5bM4MVH,-500,1,
648d9d18,Jjqq11tJI,1000,1,
649a3ddd,n8HiT9NIcVY,-500,1,
64b483aa,pGbpr47G9KuP,-500,1,
64c197ea,0Ratab1u,1000,1,
64c619bd,oLb1zS5ie3bTYz,-500,1,
64cf45d3,m97eGWVC,170,1,
64d02c6a,zOMlRZOE8R,-500,1,
64d25c50,k09AyOKZe,0,1,
64daa912,ukSSzJHedYM,-500,4,
64ff26cc,VMrCcrl5bRCz07,1000,3,
651ed6bb,FTb3QUZRPPoa,-500,1,
652b616f,erK9oUvuVAFs1F,500,1,
656c3a8a,bHdAnsxuI10Eqx,-500,1,
656e9d15,kM062UF93mH,1032,1,
6581dac3,MyZbXLWzz,-500,1,
65977f13,09A1dIC0Ep0,-500,1,
659e0b9f,xG9M5CEkAq,1000,1,
65a019f5,VYa94KY2DY,-500,1,
65ca0867,LAtHGuG1Ad7fKy,-500,1,
65cc3cc2,iXJx5YlaFFa,-500,1,
65cf3b26,5kwbmudCM,-500,1,
65e1fd43,Hiql45W1ZyQ,1000,4,
65f3a018,1CHMjoyd7Ox6KK,-500,3,
65f5b052,vhUxrEH52w0Yy,-500,3,
65fa918d,C4HtKVcnmdXD6,-1000,1,
6600bc62,hzuSPJQs,-500,1,
66012283,vY85qHwTZ,-500,1,
66148a85,6u8tkgznUVANR,-500,2,
66280ff9,DXKFhJqSRSK,335,1,
66410bfa,uhbwIJrTQm3a,-500,1,
665e8b0e,ah7NLf36FICSNK,34,1,
6698e961,I8jwEBtzA,-500,1,
66b22c9a,NFbVbT6S,-500,1,
66dd908c,ElFBo8BCj3jGf,-500,3,
66e4b6fd,ZNOzuCNsT2ro,-500,2,
66ffece5,t13jB4FXRNhrH,-500,3,
670b0bab,pyL1PXkRM,640,1,
6723c58e,bcJLdqdl,1000,1,
672488c3,fUsKt8KIPx92Cv,-500,1,
674e31fa,9XHNCmhsgAfgNU,-500,4,
675dac7b,tHHF6F38LTi,440,1,
676c5599,xqRe52fH,-500,2,
676f4c31,j3E5PsXjhxDyF,-500,1,
67bda29a,SHFkLrP8,-500,1,
67c286bd,uIP6S1hpMOWI,450,2,
67db6671,IaSUg3GQAHBDS,-130,1,
67f04d1c,hf7EB3Zna99Ldo,1000,2,
67f22ca0,Sj98MldzQ,-90,1,
67f22e3d,jWmRsbQT4DD,560,1,
68071a76,L5vuRjeQm4cdF,1000,1,
6813e66c,6LP3Ryx3,490,4,
682a86fe,pKjwOewN,490,4,
6850d4eb,QzMqO7qaQ1YaV,-125,1,
6856972a,IMmFmFeRIk9D,-500,1,
68574890,KvJ6v4J2d,-280,4,
68cb68ff,DOLho6GgSf6ktI,-500,1,
68e0a1b6,4cWofjSQInNH,-500,1,
68e73521,cT5OeY70,-500,1,
68f06917,HiH3LHLJd,-500,3,
68f6e2b8,5x1jKKN0S,-500,1,
69018208,7nFjVcGWAT,600,1,
692ed8b8,93OR0XxUxoUVm,-500,1,
6944f828,I9fsW8l0C,1000,1,
6952e20f,XkiHabI3HttqHa,1030,3,
695951d0,KA0o2jVhbNcKdv,-500,2,
695afecc,qZDfbZYnp8,680,1,
696fac87,ZTnEdcvFX8j,-500,1,
697df130,8w9ipR7lx4,-500,3,
69b519fb,nKuksIb3aju,-275,2,
69ea9a94,P0WoWkES2UE,500,3,
69fa10a8,pPhjOGhv,-500,4,
6a280e4b,9TCmxChSADN2YT,-500,1,
6a289360,XudRAVXfR6Q,1000,1,
6a37e1a4,BJCFGoil34y,1000,1,
6a3fa9e1,jewxQUyRML,-500,1,
6a510fb1,1f9o018kJ0,570,1,
6a54e2ea,jZN3AhaJZzYt,-60,1,
6a59c919,QyRge9g2f8j,-500,4,
6a7959cf,GnVKEKnvg8f,415,1,
6acd5f87,9JX2c5n72Zf,1000,1,
6ad6fe46,qPfCuFaLdDr,330,1,
6aeea11a,7TGc8nbg,-60,1,
6b09c9aa,Ncuoa3NBWIOn,-500,2,
6b284cd5,ELALKQtNd,-500,1,
6b38e9f6,odOZswIZLzFx,1000,4,
6b47917e,UXcjvNuWwz,1000,4,
6b825efe,spStb3DW,-500,1,
6b9531e7,wfQLNvi8dmH,-500,1,
6b9f7397,IYpV8Y62wAhFdT,1000,2,
6bb95f39,VdKQJyFL,-500,4,
6bbe92d1,ePKf3Q1LLyt,-170,1,
6bd11063,M3ksqYQOJJg,505,1,
6bd2b10b,X8iA5GXlx,1000,3,
6be20033,eOhUNxEF,-60,1,
6be628f4,UA9pUEE8997K,-500,1,
6bf113e5,c8EBoGuhk7Ei,-500,1,
6c00639e,TAwcrYpbznJz,500,1,
6c309ed3,P68GnCL6Kj,-500,3,
6c3ebdf7,iQYRC3WzZ,-500,1,
6c411bc3,JAZHSKF1x59Kf,-500,2,
6c4dab2c,UdRFiZHAvqUMrB,-510,3,
6c648b60,RlYGI8XNF,361,1,
6c803eec,RfSEdzIGKji,0,1,
6c838b5e,GbNiVYxp,-500,1,
6c841aba,dmAByUSK9,-500,1,
6c904379,COuFImsepcxv,1510,1,
6c9ffcb9,R4thAY063kBa,-500,4,
6ce617c1,yFHegpZ4,1000,1,
6cea2f4d,kPt9kVwxhCpW,-500,1,
6cf4af7d,O2NCGY5Aubqt,800,1,
6d051da4,2ksbLvNcrA,960,1,
6d088111,EO3mTbPshHz,120,3,
6d26f618,flZqqlHbcXUJeT,-500,1,
6d3cd6ad,2Zofo1rw3P,490,1,
6d434798,krGD0g5aD4gLaj,150,1,
6d589dad,kQ25RdvDRvt6,770,1,
6d7dec2b,ceN4HXAhXTUf,1442,1,
6d8c1482,t5QjskIvW49,-500,1,
6d8caf40,9WaSi6fOs9XIz,570,1,
6d8df652,0qD2oXbpq2KkV,-500,1,
6d9be133,0ei75LW5ui,-500,1,
6dbea2cb,8KKxgeLWc,910,4,
6dcf7ea2,RaKVY4vLyQtKy,-500,1,
6de6bec3,LQWuHzjk,-530,2,
6de8a31e,JMfTtoXe2sjl2s,1000,2,
6deb64ba,SCsFQEv8,1000,1,
6dee7de9,Yrep0dqwZjF,-500,1,
6df70ea3,7lfPtWOmr5i8,350,1,
6e3f7d50,A8Bj7BYu7me,-1000,2,
6e57b123,WBLa9vRch,1000,3,
6e6b1127,KVLHXQv5ZIKPPT,80,1,
6e73f933,X95Y0gEd8,1000,1,
6e959564,kluwbZfK0,1000,1,
6eb7645e,Fgd9pOqUf97,690,1,
6ebc7826,TsRQDGQXEp,1000,1,
6ed57b67,vNolIAZnrbD,1000,1,
6ef98f20,rBXgH9ty,30,2,
6f0c9517,l8SvskuD4JW4,-500,2,
6f384703,z4UPMoI1t,440,1,
6f3c3489,o05hRGgee,1000,2,
6f415f01,ZPtdcw7yY,1000,2,
6f4bc75d,AjtxTAX9mZz8,-500,4,
6f5e15d9,1rhqAiVXs61S9,-240,1,
6f654564,CvmsnD0j7qBjU,1000,1,
6f75aeed,NLAGPFyIU9oYO,510,2,
6fca8691,I3KqmKBoXezWT,-500,1,
6fde602b,I8J9dvRd,-80,1,
6fde91e7,E4pD6Evp,1000,1,
6feab85c,BZDxBiiIhFt,1000,2,
700045ad,DL7MhajxtJS,-500,1,
7003036e,GmQ2X43cYA7,-500,1,
701ebf9d,RE0KRjcSzfnb,-305,1,
7043fabd,VOFnSJNiCJ,75,1,
7051ac01,Q7CJYdw2Rhv4Oj,1000,4,
7055f691,ZYmeJwhiNAR,-500,1,
706476fe,Pa2ZMthqnizJ,1000,1,
70693b9e,vcHvfI3UgQh,1730,1,
7078838e,GiDXN7lxS,-500,2,
70816e4b,FJEz1V6qhqb,-240,4,
708faf57,r0eZ2SKDviFEy,-50,1,
709c2055,0f1kw8kht,-500,1,
70a97d62,eVkADpfu,-500,1,
70aa10d3,yJR5qQOMv,1000,1,
70acb0d3,NvM4uS4c3EUHj,-500,1,
70ae2ec3,a9hnl8AtSFuyJ,680,4,
70dcf78a,maMOAKrim44S8s,-500,1,
70de1983,Uxp7uzGSL38,-500,1,
70e724e4,i5XQ14P296CJ,-500,3,
70e7c8dd,ewo5xlYjWIg,-500,2,
71080044,7NaGNJQsDY,1000,4,
710d2635,xBlWgKxuSxrU,-1000,1,
710f20b6,Ycp8y69rBG8c2B,580,2,
71314150,L7mIMM8jpUZ1,1000,3,
716f1be5,00bMviZhP32Fd,410,2,
717e36ea,FIIlJHIEh2x,-500,1,
7190fb45,NZwxx7vNX1sDHi,565,1,
719b9a86,l2ixQwckadp,1000,1,
71aec856,uE2XgE3JWD,1000,1,
71e0e02e,ukmr5d9YnH,-500,3,
71f1278b,kn2jBbyF,1000,1,
71fb40d2,jyXh367tj,-500,2,
72189da5,sXkUJIFql5,-500,3,
721df528,lFf5mwALGx,-500,4,
72203ad0,TzG9zrLJrW,-500,1,
722b4a41,9RgfcYmSe,-500,1,
724f81d1,hUAprA6oRg6mK,-500,1,
72709d7a,iJRxK4auCtqI,-500,3,
727ab656,kHKN3w03XXU,-500,4,
727ef942,oQPOslehOnn,1139,2,
727f3e3d,yAJmET2vn,470,1,
7285fe76,wxvbPiVUwK,-500,1,
72861b10,mlB7VGDz,-500,1,
729c71c9,Ynqgf0Mq7C,260,1,
729ca4df,Qps98dFZcPEkQN,1000,3,
72b5c7ed,G8UqhLHZCts0,1000,1,
72c5223d,r03qWaQMMo,1000,4,
72dfdabc,Lom1EVrU,940,1,
72e114d0,CasS4L2DQXcuj,-500,4,
72f69663,ks6UFCsL9,630,3,
73172f5c,oqBTKuuAE9IYp,-500,1,
736d4926,QyPZMYkn0kz,1000,1,
737bb0cf,wJYuPEvQu9OUj,-500,1,
73922bfd,o3y1ohzE52WC,-500,1,
73b45fd3,ITz0CoKp9,-500,1,
73b62397,evCrm6Vg,-500,1,
73d2ab2d,Kkx09lGjs8mh,-500,2,
73d9979d,rP4JDBOn4uH3,1540,1,
73eeccfb,Q39oICivLsZCKl,-500,1,
73fe455e,QaFprH8jTj5eI,-500,1,
741085c8,iAHn70oRnwVwG,-500,1,
741872da,I4GYQbr3tdfy,1000,1,
74915592,KZsjzequOhZ2G,1000,1,
74960c51,E3uBFZeRCL25Ou,-500,2,
749d3625,Cg2qc4IrCLmW,560,2,
749e976d,9WYiZzFcDjcT,1755,1,
74c84b7c,olcoV4v8AU33k,-500,2,
74e28217,xbjhLUJagKqg,-500,1,
74ebc34e,3JsW8UjwCsrgEP,475,2,
74f6e595,6KMVwMB6esVU,272,4,
74fc9a34,c1sesIDpO,-500,3,
75082a51,MeSLAF5nO91,600,1,
75211552,gfDiLiZmZdEr9T,-500,1,
75326455,KDByKpdVBtDQE,-500,1,
75366ab9,95YSRTFTOrVR,-500,1,
75384b40,ex30LZstLPiEl,-500,1,
753b4ce4,wFuMhuKac,-500,1,
753d1edc,XS3Uw91DaHfq,480,2,
753e6303,clZvgX2fF,-500,2,
756930d6,ZSvd6GkROFr,1000,1,
75742fb5,J7dyk2VjbrWDon,-500,4,
75976cb8,2LzOPx9BOLG2a,285,1,
759c0061,p1kaG4rMv27,1000,1,
75ba7dbe,PGcOUEGG3,-150,1,
75c58191,WwwnLeLSQ,1580,1,
75c9d797,pz96qUhXW9D7D,1000,3,
75d5aab4,y7i4KXFx,-500,3,
75d5c532,CgTjLHGOdnU9Xs,-500,1,
75f1213d,CeZapd3CbH6,1000,4,
761aa3db,kczdZA9yd,-500,1,
761e13ec,MY6K9H59AhJ,-500,1,
7647601f,NrSGbfxI,-215,3,
7650a3e9,y6zlmNQR2JTOzd,580,1,
7665fa69,9DgsqtvMA,745,1,
76ade46c,eQ6IqS3eBNNT,1000,1,
76b51c6c,CEtELbUGeNIrpj,1000,1,
76bbd6ef,GnTzVQEK5b,-500,1,
76e7afbe,pkY7rhYyGEG,-500,2,
77107e13,jByNaUTlhK,-500,1,
7762b90b,vALInvhs,-500,1,
7763452f,ilfrrNdIviXMKO,175,1,
7764313d,GGmjz1R02Ef,-20,4,
776b8cad,dktYJLyZiG,-1000,1,
777b537e,v930bjxlZ,-120,4,
7791076d,WBx0NpCzfrMgJh,-500,4,
7798b176,AagX9XBkt,-500,4,
77a1a5fe,B5brmzlGbj9ik,-500,1,
77a5f8af,UZSTLqWo7Fh,-500,1,
77c1e968,KyJSrY6CR,-500,3,
77c3c556,bbxEVPC6RFiT,-500,1,
77d0ee05,rAyUIagY5yZPei,-500,3,
77d196c2,FUrq8hv6pj0,1000,3,
77d4df5c,easpKrrVniXzu,-500,1,
77dbaefc,YflNACDQutkfGc,-15,1,
78179e22,od1yzZrLZopqa,510,1,
7826ef65,d0eeZinhCg7tv,480,1,
78284775,qW06O3hxg7,-500,4,
783c6567,YFD1r0MV,1000,1,
784a2090,5Kfq7of0Uu,1000,1,
787b4800,v25FrPG0b08wui,500,2,
789905d4,oZel0gES327OL,1000,3,
78b55d1f,frpicIvJ7Tufot,1000,1,
78d09634,8YDghkiF912N,-500,1,
78ee0103,4yVe0jgHJwnI,-500,1,
791af35b,m7RXGthy,445,1,
7924fdab,3uuOQ6JRgtv1hi,-500,1,
7939c2d8,DVEVHXmqe,-500,1,
79794a78,hlm7ePjv,1000,1,
797efa23,RmsyfzXVw2,-500,1,
798e0f33,2InyIEnFiTH,5,1,
799a62c1,4RmUvgi1XPK7J,-500,1,
799aa407,K6BnmeKQR9G3x,-500,2,
79c8b84d,alSxMzcB5q,-500,1,
79daa9fe,pHZxdrjGue4,1000,4,
79df6457,6M6xCPXMPlx,-500,4,
79eee8db,3JKv8eLhbu69n,1000,1,
79f4ecc3,xuIQJwwG,-500,2,
7a343ba9,SY7PZ9XLp3,125,1,
7a6d4ce2,RsyYHOuwh,1000,1,
7a8b0a1d,O9Yj6RUSbHyX7,-500,4,
7aa0e682,11pbVsFUJ4b0z,-500,1,
7aa9ace2,8NDQiFgQrIdie,525,1,
7ab3a967,LlgVZ08dkmnXzx,-90,1,
7ac9a0cb,EilFENgWxzPu,325,1,
7ad38aca,nQTXBrQU3l,-500,4,
7ade5458,JecY6kaoT,-500,4,
7ade6c70,ZLBTtx2FeYLPF,-500,2,
7b0467ee,t0zEGpmvLCp,520,1,
7b0546e6,NV0L4OQonWom,-500,1,
7b06be71,835KQgmC9exRqq,-500,1,
7b26dd26,gcHaHu4wHXOE,-500,2,
7b3a2f98,d9MAcjl3Ww,-500,1,
7b42e559,spq90EuWmM3ay,40,4,
7b495989,aBK1wcnwztP0Fw,-500,1,
7b4bad62,6zpqvMtDb,-500,1,
7b5088e4,Mo8iC48V9au4M,500,1,
7b6f2255,j27Ijrcg81,580,4,
7b8a1630,zxMvTzAAN,1000,1,
7baba1c2,AjLhKI8VsdaFbI,1000,1,
7bb34df1,NGLgbo7Bn4mtF,500,3,
7bc3ea29,RPXEi1au,-500,1,
7bceb5c7,xJY1vXwxDZVW,1000,1,
7bdd9402,yLQeP5rANmnk,-500,1,
7c0d3cd2,beupJ5YpK,715,2,
7c0dbfd6,NbC6wfxeo,1000,1,
7c2b6485,kOvqzU5gLc,0,1,
7c3aba50,2NT6VJ3P0jNLM,495,1,
7c45967c,iq7PuV0h7i,-500,2,
7c48f69f,NuY2us1AVLhg,505,2,
7c72bc72,Z3FEhIczrsYh,910,3,
7c8ccc44,32FY9MOHex,-500,1,
7c9c77ef,zLxUzvQK,-500,1,
7c9f8d62,mJGxh2hzv9cD,710,1,
7ca3d52d,uL68DQdI,0,1,
7cb2900a,rBqkHpW83ep,-250,4,
7cb7000d,M5hxBcWPqzcTs,-20,2,
7cf2591e,I51QNT99H,-500,1,
7cfce782,g8JZbukrWD,1000,1,
7d16a9cf,EIEzyjKG,-500,1,
7d1a4623,AJDeWiMs,-500,1,
7d1d73f2,DobE9aAHX,-500,3,
7d1f8998,M2saPIrfCiJ8LA,-500,1,
7d28ee2e,ColHHAP1peK,-500,2,
7d5d9f41,zQnr2lO0ear,970,1,
7d6785a1,xXNrHAGBD0A,-1000,1,
7d7f41f4,CskxHmgOp6W,-500,3,
7d8ea289,ytTmAQtZ8TXP,-20,1,
7db18fe6,UjBwIDJqB1G7EU,500,1,
7db38f38,cYg8Kig6,1000,1,
7df80906,2zrfKVdsho,500,1,
7e171c39,am3QOnl3Tze4CE,1000,1,
7e2b3b70,LTGYwljyB1XZ,-500,1,
7e36480a,Nvhbk0n8BkMqZ,-500,1,
7e3fd356,oLw1fPzTNNSV5R,310,3,
7e4444fe,MkbhlsAx0sk8Pm,523,1,
7e5c5790,rtsDw8P1KEhQD,-500,2,
7e666e4e,H3e9KNtKC,-500,4,
7e680352,Ndw7ji5gfpFd,460,1,
7e7345da,wfBvL1W0YH8KQ,0,4,
7e96e68b,77csInIpSqVd,-500,1,
7eade4ee,GkKce89LQ,-500,1,
7ec1f870,UZF2exDnV,-500,2,
7eca2c8d,3t8ize3X,1000,1,
7ef84f88,c7MVTFCBZ,500,1,
7f01313f,7UNaHmNzC,1000,4,
7f03f563,XV9AZBvCb6,-500,2,
7f09836e,g9KHDAezS,-500,1,
7f51a60b,a0k4sIvF,-500,4,
7f62dcd9,u3dQNU0WlnSm,-500,1,
7f6520bc,wftLLlNT7DJPd0,640,1,
7f70adb2,tJKFH6JNoKl1,-220,4,
7f783b9f,lBauC1v0j,-500,3,
7f7a3854,h80TqPbKbT,-500,1,
7fa6838b,iFlz0HyQtB9,-10,1,
7fe01549,RgCP9a8w93cVD,1000,1,
7feae264,kj9IU6UJKyFn,-500,4,
7ff7df56,gchS2QxSWx,-500,1,
7ff8712a,XPZR7uU6f6FWG,40,3,
802e84fb,gk6kbqdM27aUZp,-500,1,
803aaf41,9HtTCrBbd4pPn,-500,1,
80590de4,IB6NPzKjtUvzlH,255,1,
806cd92a,Uf6rtNY4CQHkK,-500,4,
8084ade4,rdQtSrYJFI,1000,1,
810383d1,OM1q5UiMc,-500,1,
8122be12,0A1LJDoJj70z,-500,1,
812342b0,m362h1hZc,-500,2,
814f4e49,EHijEC3qDBdb,395,1,
81713517,aiooBSibjQsd7,-500,2,
8172a521,ShEIz2OXi,-500,1,
8178dccc,pZlRTroy2y,-500,2,
81835ca8,Tqnz7fBxlIi,-500,1,
81842545,uIzlmJpih17,-500,4,
81a22a05,WV63vi8E,-500,1,
81bc29ab,Hbwp8hhCgu,-500,3,
81caef4d,gcDO8LYc,-500,2,
81d60f34,mLWMEsJGrhu,-500,3,
81eef4d1,YCP5Kt0zKeue,10,1,
81f8c034,LlRQTEKySy8yQ,1000,1,
81fac800,0ZCQPfTJvxztVz,-500,1,
82900ae9,8w8cAD2guADEa,-500,1,
829660a3,a3OtkJKBj6p,-50,1,
82b57051,3pZ6BcyRS8N65q,110,1,
82c716c9,Un3Q5ISvIc,-500,3,
82e068e7,SAD7ECx7Dt64D,-500,1,
82f56c88,EE6Le97Jfv,140,1,
82fd3aa4,PAs86Qazc6,-500,3,
8302519b,26qwQaEPnYc,1000,1,
830bcd82,IpPLUCqF,815,1,
830fd637,eL2nYw8LLQ,-500,1,
83106bb7,0KZKBOWkVsTph,-500,1,
8350baaa,fkm5ks64uZ,-500,2,
83580d98,cpcAnLsKIuV,-500,1,
835bd5da,WuQAhSoDK9,-500,2,
836ffc6d,Dx2QJGMI6L,-500,1,
837d8fbf,Mh31cKmKf,545,4,
8388ada9,DfaQd39T,1000,1,
838ea4e1,hSCT3DwZ,560,1,
83a8a617,JSOzVF7sWpkCSU,-500,1,
83c41b11,2kwRAHbJTuot,145,1,
83f41842,bDkWW3bo3,-500,1,
83fe4c4c,F45Y9jG1,-500,1,
83feb89f,zczraKg2trC,1000,1,
841bab23,4F2vSRsMJ,-500,1,
84296bc3,LW3aNuZvI3gtH,1000,4,
8436b621,ZVfSXoGhwf94HY,-500,1,
84378eb1,G1dtWcIJ,-510,1,
8451d49d,WouXCV2hOtc,410,1,
845666ee,A8y5gKg6aUJ,282,1,
84809276,Hhndo69A9,-500,1,
849ab1c2,pj7PoZqxisuEPb,-500,1,
849d543e,yOK56SDWd,740,3,
849fc03e,wJGmgMhG,-500,3,
84b1dc79,ExoJM43TtSW,-50,2,
84c411f6,m8AZAI4kRakl,845,2,
84c5e8e2,3ZgzSAHeGJ,-500,1,
84de0163,kBlpupGWMSo,1000,1,
8514f856,5rq1xrhcJX5HhB,41,1,
85164a26,2dtJlIA666,-500,1,
8522e7e6,ONTRJkoBXo2,-500,3,
8529345c,4wuQ3dKpS,-500,4,
85664405,flqZl5Q2g,-500,1,
858e387c,ueZVEaFRH,-500,3,
85ad02fe,9EkvYWIZ,350,1,
85b135e5,dB3vXz5Y,-500,1,
85b9276c,Qq2Ms5uv49j,-500,1,
85b92b38,WAPrgmLZpbKa,0,1,
85d3f04f,sYpWDiVJD,-260,2,
85e1ae82,xGqLbI71zVNy,1000,1,
85e86531,lUvY4hqAU,500,1,
860b5c5a,imxSny1vE,-500,2,
86128052,u1AREt9H6L,-500,1,
861cbbcb,Siwwnui2Tj5RI,-500,1,
863061d9,yjiV2S9O4Pt,1000,1,
86378a2d,f4IhkIkEizy5,565,1,
864a2445,QCGsF3uFODP0,-40,2,
864b9f73,xQJ855bYxpasgL,445,1,
866251f8,QCYeoqD9,-500,4,
866663fe,BBV2pk3eb,-500,1,
866a3389,qzUpqCMX1w,-500,2,
866d6145,GUpHDQVylBGkFt,-1000,1,
867a90d9,FqipS6vtSe8Uq,1000,2,
8683bd6e,LgyplgR7cM0,-40,1,
869e2a55,dBnAh80AZKv,185,4,
86c0a841,nGoRDURQ6,30,1,
86c8f78a,PAiBz5hoQU,-500,3,
86c9ef9f,VJxyoINmzQ,495,1,
86db842b,y0Uy77YQWnai7,1000,1,
86ec9e63,bsvVv2rxw,500,2,
8712a992,ysGYKnKoB8U,-500,1,
871411fa,ZuSs2ai68l,-500,1,
873710ec,DAceXpSORY,-500,1,
874df1d7,vZcSK998,1000,4,
877f86cc,drnOjIDo,530,1,
8783d038,37carLrxKEvC,1000,3,
879b37a5,UtlPP6ICPVL5E,-500,3,
87bbfc8e,usjKQmuw,470,1,
87caf6ca,0uIdKjkVtMU,-500,4,
87cfae9e,obNICsrhL3Go,1000,1,
87d3a077,fzEbFNdBcK13n,560,1,
87d4b0f2,gbeKd8kj1,-500,1,
88192868,PlDssy4Izz,-500,3,
882422bf,MLPH9w9MSR,-500,2,
883f6fba,Be4f0anl5EF,400,1,
884d5944,Gk8e0PZz7,1000,1,
8854ff82,tKDrYWAYBK,-500,1,
886c77a8,Jo58KYRs6,-500,4,
88b594d3,b9CyaJaloXC,-20,1,
88c844cd,1uhEtK8grIfj,-500,4,
88f63fb4,9P3vGnVtE0W,-142,1,
890fcf6a,RkpTqxIDXdjlN,-500,2,
891286cc,yU6AzOzq,-500,3,
891750c4,9FKbe57g,-500,1,
89340906,qKdNQ4Ay3kSWz,-500,1,
89346fa1,577NKbtMjZye,-500,3,
893aaacd,UlmBLNju,170,1,
8951fb92,cvzD0P2MER7M3B,-500,1,
8963c5f7,CBv1ytfcdjdi9e,-1000,1,
897cc848,hn5MjH2P4T,1000,0,
89924c85,sK8lPU8jFH,-140,3,
89b3a6eb,dyrdlNRwA86Aop,-500,1,
89c3ae3b,5jUYyqurI1z,1000,1,
89c69802,akhgRlMN7XoYVN,960,2,
89f1fcaf,wJrecTEZfq814,580,1,
8a0e781e,wbxaaDK1,300,1,
8a0f16a0,XV7HzOPGdjl0,1000,1,
8a2693dc,Yz19wJWNcq4,-500,1,
8a43ba99,PQz1uFSy,-500,2,
8a68438c,0ZyavzfdM8uL,-230,2,
8a87bfe2,QcQceKeeqUG,-1000,1,
8a8c1f23,QQuowMVb,1000,1,
8a9c816d,FQlqTEK4PF,-500,3,
8ab6f71a,NeRid5DAl2z3F,-500,2,
8abcb91e,DAtyYVjeZjiW,-1000,3,
8ac08fe1,2HUOChm1cMnKZ,-500,1,
8ac9767a,ZcGXigrQT,-500,1,
8ad98ee2,Zo7eTksnLNKYF,-500,1,
8afec964,zFJT3l0MPu4QyW,-1000,1,
8b137fa0,qYHjf4hoX8,-500,1,
8b4eb8d8,q2Lzoe1m,-500,1,
8b91743d,pJBaYLML3Jv3,-500,3,
8bace32a,ydmeqbBsf,-500,2,
8bba6be4,qIIf17eeP9SLv,-500,1,
8bd01a38,qmk5314u49AzwG,-500,1,
8bdeb681,Qakx2b5vhDMn,-500,1,
8bf41c22,XrLXw1qhGF,-500,1,
8c4303b6,S22ibdDkLjavdf,1000,1,
8c4387a6,ZyUbzcOb,-500,1,
8c45288d,0dI2A60k,-500,1,
8c50f66b,dD3wpsIK,1000,1,
8c741ae2,lwqriAZBm,290,1,
8c8915af,yZfXyenFwIHX,-500,3,
8ca82832,nfYgLEyTb,-500,2,
8cc01d1d,fDTkzW1byMRPtJ,695,4,
8cc2eaa7,6UPhZNmAE,470,3,
8ccc88b1,5o93IYQJd,-250,1,
8cda1d8e,H5f7lbwUZPsWc,-500,1,
8cf3aa94,iO7y7aBE,-500,1,
8d013120,ZzBWS4Kj,-500,4,
8d44100e,jJshFtjt6M,1000,3,
8d5c59c5,HKsrKRg6,-500,3,
8d6f7c8b,L7ikZAlL7BrP,-500,1,
8d734a79,4182CXPO87,500,1,
8d8d2eb5,rUBIQroTMc,-500,3,
8d96f086,QYxqvvG4Bg6JZ,-500,1,
8ded5228,2dNhy1Vw,1000,1,
8defef89,qYdECZpQH,-500,3,
8e0341ee,759n1qTb8LPR,590,2,
8e145c4e,Ty8qeUQlKyWbxJ,-500,2,
8e25594b,91L0U0SYOg,-81,2,
8e6e06ac,mzCU1WgBYrOAf,-500,3,
8e70bdc0,eDOUZeu3,-90,1,
8e86034b,lnobXYYO439Vz,-1000,1,
8ecf6a47,6desrbSP,-500,1,
8eeec71c,Ayx2WHtG,275,3,
8f04277e,KK99aCPl,90,3,
8f0b125b,DbLPR2gB0,-500,3,
8f0cdb54,YY1n7fBKroYKb,518,2,
8f1a1e5d,V7jAXsui,-500,1,
8f5681d5,9mkipWgh6hnpm,-500,3,
8f577be3,EegXTH6uahAXz,-1120,1,
8f5e1c6c,gazJgne6,-16,1,
8f6ee872,0E8JOZL4sd,-500,3,
8f933d30,moGsUtLGGsIBx,-500,2,
8f994e8f,l2hbsAkNT,-1000,1,
8f9d91fb,RNmLIiXG,710,4,
8f9e968c,YyIGfevBF6eSow,-500,1,
8fa39c79,TZVQhBg7QI0O4v,40,1,
8fb38d4d,YUYABr5tI6pQ,-500,1,
8fc15b99,0jlHHjOBDgzJW,310,1,
8fc4d36c,wSwJxfkNGVwcn,-500,1,
8fddd969,bAVBAOQPsY,-500,4,
8fe6eb22,un7RYwF3erHz,-500,1,
90035368,gPElnOc26q,600,1,
900aa28b,xa2OxB0EeQmfum,-500,2,
9021ee22,rVJDyq71,-500,1,
9040685e,prluyQjtH,-500,1,
905aa42f,vVLQIQnT6o3a,1000,1,
905c93c4,A5hvuamNzDP4,-500,1,
9079922a,Fjdx57TsdE7,-500,1,
90827fc9,skqFf4KNEc,1000,1,
9090977e,tSc2BM90k9Qq,500,1,
90918441,7zPcukOx,-500,1,
90a45a01,k2NJLewsMflgM,500,1,
90d147ff,Lzw0cs3rdxT,460,3,
90e51226,hKuN8cEqM4uv,-500,1,
90ee0d6b,ERqLEwnifpLWO,1000,4,
90f4b545,QGPjtLhBI2Yo,-500,4,
910490b7,vmrlPY19a5LCFW,1000,4,
912a3e6c,gwfEkasxeyt5v1,-500,3,
91309440,BfLiVwphoNyex,-500,1,
9152b228,pJHGXg3mwV6aQP,-1000,1,
915a6363,4baTpQ3ljn,-500,1,
9175a960,pGjOk90rZ4I8,1000,1,
917a6180,PcopZr6gxNM8D,260,1,
91ade0b5,lvT3LHGI2,-500,1,
91b02390,nVSFD3D8d,-500,1,
91d7dd16,y9iRbnCE5qXXnv,-500,1,
91fefa52,i9y6B6zLP,-1000,1,
920cf99c,zHqagcIXavc,1000,1,
92430dae,pyci0PxSDMUe9S,-500,4,
9244b549,DxKyqtZGi3dC,500,1,
927f29de,I6F4yJdAHEeU,105,1,
92977a65,zfEBkoGWpU,-500,1,
929eae8d,hSm4fQ6jkq,1000,4,
92d08737,RMzq0h5YReQ,730,2,
92dfb3eb,8zTKkEYGti,-500,1,
92e1220d,pbWaBzu4upB,-500,1,
92fc6ee5,SpibY96xqaYCSy,1000,4,
93129bbe,oMv8Zjvrjer,-500,1,
931bc051,wgLhozreEXxU,1060,1,
932c3221,1EDVWk3s7LT,-500,1,
9334f132,mHaF1lkkkRejEb,-1000,1,
9338d385,yxD1IegGA,556,1,
93547353,UE1zwMo4UtG,-500,1,
93665027,tsYiFNCUNg,-500,2,
937d8711,KNALTAI6dstA,560,4,
93ca8e96,SHUE89vKbtxf,740,1,
93d58755,KMbXNnJoUlO3F,-1000,4,
93ec3cb0,CBBwre8JBFZYAQ,-500,1,
940616e9,gNu6RSqKuBcMsI,-500,3,
94222e49,inwCTvrDe7Yj3,170,1,
94301070,XuOJpAVm1,-500,1,
945d9535,fKDpG63nV2XKi,1000,1,
947dad95,3g29ltbRKNT,270,1,
94932f12,ZFea61biEyJ,-500,1,
94a0dfd5,nLA0eiejU,-500,2,
94b556bc,OREN4GAvU,1000,1,
94c847e8,wG2TlXOP8,1000,3,
94cba32d,uDoj4COusPN270,1000,1,
94cbc288,BXOr9GoyoJer9,-500,1,
94d583c5,950uP1WjQ61,470,1,
94e2d0ae,S4n2dbek,-500,1,
94f8249b,iiBh6F8jCSuBN,-500,1,
9534e311,L1hbMMycx,-500,1,
953f626b,Kq9jJEXsnMAQ,-500,1,
958d9c84,nwtIcrSrVmp0,-500,1,
95989291,yYAZUQMxUa6n,-20,1,
959a58d8,nlLuYa73t,-500,2,
95b26cf8,yqRaeeQMGU1B,500,1,
95c4ba2b,CNmtFH0d6e,-500,3,
95d0a8a0,VaRh57M34WL5,-500,1,
95db16fb,u930e8oydw8rg,395,1,
95f9f8c4,DiJaSlliQret,-50,3,
95fbc8f5,8gEEsHmmITp1un,520,3,
962cf4cb,781Uk8ivT,130,1,
964b2a5a,3fS3Gmn0byO,-500,1,
966dd5f6,QAWQ0Nc4T3y,-500,4,
966e8ac9,xeKHaLcpafS,180,1,
96764982,cK86JoXtZhMAXK,-60,1,
969dc5a8,4F5lp7UsHe,-500,1,
96a125b0,vGjyA7ruGEgHUS,-500,1,
96a51718,TAFIvz2FVIP3,1000,1,
96ba0ad6,ppsUEIliXVn6b1,1000,1,
96ceac87,UepUxi6MOcPQ0J,1000,3,
96d1d2ee,7oxECkGF6kC5gt,315,1,
96d9343d,IQh8t5KQjx9Fh,25,1,
96df120b,3HrVQg7U,-500,1,
96fed3fc,rIHGOWRCsa7Hd,58,1,
970f2e93,cDyO5wC5gB,-500,4,
971f1fcd,gYy0bhRvAC,360,1,
97280816,GKArLsS002,500,1,
9729a6b5,c8juwkl2nYcEKD,-500,2,
9736d401,mUfh6d7xSzG,-500,1,
9753db94,zL6wuNPT7ZAArz,-500,1,
97693fee,ZLUVDiK6eZiLbc,1360,3,
976b795f,zp6w92nY,-500,1,
9775bfd3,mjnqPZQCUtsN,315,1,
978814f6,nYeqFMzB3Hi2,2000,1,
979538da,DgEYy1y72,-500,1,
97bbea82,sCcpwnCh,-60,1,
97c40bf5,oJGNfMFk,843,2,
97fd585d,RHaaxRbN2PJGId,-500,1,
980565f4,buoW2O2iEvvVB,1000,3,
9808eef2,LSE91BvSNCui,-500,2,
980e02c6,7aNyMugn,1000,1,
980e2856,e7FhUuYp5FS,170,4,
98153f94,P5J7Zai3g,-500,1,
98235733,JpVY3AAPM,1000,1,
9828fbe3,pyUpawHec,-500,1,
982c0bb1,S5pf3sl5O1vEML,-500,1,
985089cd,hH4cfYjG,1000,1,
9856b356,sEFgNg51,-500,4,
985cb98b,RbfskQ8qG,525,1,
986decfd,RwdnWUpEyHP,1000,1,
986eefa9,SUu9yUD7mMprF,20,1,
988b9036,Gaj6ETmPh7M,700,1,
98a56322,BspC1197,-500,1,
98a9397b,b5oXr5DWNE,-500,1,
98a9de6f,owfoNQYjMEA2I,1000,1,
98dbc2a4,0HLO5kaUP,1000,1,
9903d171,EAJ5a6uVmb,-20,1,
9910fb1f,D4wgkWVNj,-500,3,
9929e6a3,TcrnOVSY,1000,1,
992cfa62,D4WLz0h8,50,1,
998f5f4f,kGjKjo0yJykoZy,-500,3,
9991546d,u0TzHwgeZUPG,-500,1,
99abb58d,EmfGWy8K5A,-500,2,
99d4debd,q2fVGggv,1000,1,
99e5458f,G9avIGFVPHrh,-500,1,
9a03f424,InI1VoC5,-500,1,
9a240faa,aER1RV18oS,-500,1,
9a509214,9QomnVGU,-500,1,
9a56ba55,jjrtRzjKEzyMi,-500,0,
9a65ff8d,6FDTq1PF9,-500,1,
9a75984c,pahKapdlC,1000,1,
9a79922b,hXrYT9KAvimUI1,-500,1,
9a91d604,oLfDaInNlyY,-500,2,
9aadfdcf,rbHb2mS8oqFGD,1000,1,
9acb8be8,Y4vGij7Jwc1,5,1,
9aeebfd7,rwUFnleo0vx,1450,2,
9af479bb,QauLbKKL,-500,1,
9b04c7a6,Bko2o1WZoO3EV,255,1,
9b0eb39c,AmKPaUWPOfz9Fx,-500,1,
9b186ab3,7JFxAZX9i1T9eS,182,1,
9b2135a8,XDw3wY8tLr,-500,2,
9b306739,Sxsdd2NLP,500,1,
9b39cd9f,7gNIjDEiXY81,740,1,
9b426de4,jCwgafIk,-500,1,
9b4bef61,n9zzKd5mIy,-500,3,
9b583ff4,Ui8kPTkwZBpi,-500,3,
9b8e6514,R15IHKQA,-90,1,
9ba65b97,jfRnObIhr,-1000,1,
9bc67429,ZwCGPHvyXaYW6O,-500,2,
9bd87401,p5qylL1TXWjLc,500,1,
9be08c55,ZyFuxSjHFs,-10,1,
9bfcb8d9,wiSNlM88D,-500,1,
9c109d43,XtQMUpjD,500,1,
9c193532,IbNVCWIzgeOjW,-1500,1,
9c34b49b,MbMFRpxqqp1,210,1,
9c760e4f,es8TW3cKf,-500,2,
9c7e3711,3dLoSSXZ0,265,1,
9c81e37f,ZoAZpdx9Y0,-500,1,
9ca73643,CTfQnGvHw,-500,1,
9cc43d29,B2xMKvyDxPhSv,-500,1,
9cc5a3d9,ZmhESBBIbhA,-500,1,
9cc5b9fe,9kpcNhP839m1,175,1,
9ccfa7bd,d0zWXN2lEZ,-500,1,
9cd57547,rdFm7VWji,-500,1,
9cdeaa93,hS0xg4kn,-220,1,
9ce10435,aT38fZKzsjy,-500,1,
9ce479cf,WOeLC4bu2x7TGX,850,1,
9cf6b0a0,TrFwAYJ1f92Wc,2905,4,
9d18e1d2,ozxkqMF5H,-500,1,
9d1e2683,2TLlCJdhLMXB,-500,1,
9d2884fa,4wDMAXm8N,15,1,
9d2bcc02,XMLXR5ad9ryVa,-1000,1,
9d416eb5,UfTPadkpRW,-500,1,
9d60f60a,Va55JSZfAZ8mP,500,1,
9d675f16,8b1ubtIbZHlM,80,1,
9d72b7e5,j3qN248zKgIz,-1000,1,
9d9f8e61,UV6srO9P2Qk,-500,1,
9dabce2d,Vo5QTT5HNxLsT,-240,1,
9dbd12dc,TaYMDEwXB0WD,-50,3,
9dc1e788,kLdcNhQxeyhttF,590,1,
9ddc5410,x7P5RSzD98YSYJ,-10,1,
9ddf4030,xGb53rveCKxV,355,1,
9de50b32,GxEfAW93II8H,-500,4,
9ded2c0e,gZyvZDFcp6O5,-500,1,
9df8a176,Ql1kWmmp,370,1,
9dfb6234,5dBqrhbd,1500,1,
9e12b2a9,UqtJa63oh,-500,1,
9e23e135,ZIkYhYHb6jbF1,-500,4,
9e2cb2be,iCv47XrvJUo,-500,4,
9e31aba4,er2nVen4c,-500,1,
9e478bdc,pZSYvVdtOA0jri,-500,1,
9e74cd2f,nnkA1Mr1CyNqh,-500,1,
9e82bf24,xbKgekXqg,-500,2,
9e85171c,AHUmz0WSEzez,-500,1,
9e91638e,phuUtlytH78,-280,1,
9e962338,5CqrkiH1jH,320,1,
9eb1c68e,gNWHkcnKdjOW,-500,1,
9ec3fc89,UYWoTuWBVR,245,1,
9edecddd,f7Iy4KQm,-500,1,
9ee7415c,T6tH1LG4J,-500,3,
9eec4d02,0Et29gd6kkko,-500,1,
9f21afd2,5nraRuIggiG4,-500,4,
9f3535cd,4V7BKmO5zki,-500,4,
9f553c4c,dOje3e4ckq,-500,1,
9f7488eb,n4tR01TEKw,-500,3,
9f81c780,Gyg8eA0QsYI,500,1,
9fdb8fb8,JOk7iwI1Oh39,-500,1,
9ffefc08,S6i3rmxq,540,1,
a00d077a,vAgzzp3DkJXO6q,-500,1,
a0289042,9UoMSnMQdKI,500,1,
a03b745e,4jMPHsJq6hs,530,1,
a0500f88,GaLgjJTBX,275,1,
a062876d,HRQYvi4op3GQgs,-500,1,
a073d05a,jO8DY0dFfjM,-60,3,
a077cc31,XN2NIlRKnZ,-500,1,
a0995c5d,P2hTJMCW1QzUd,1000,1,
a09e4466,3yO2djMKhSB6,1000,1,
a09efeac,Kr881pmr,-500,1,
a0a0264f,p0LfYkwNLIOkMp,690,4,
a0aec406,u2WtDSlIdh4,163,4,
a0c66f35,e1KEZQCH,-358,3,
a0e6bc37,2mzMWDNtF,-500,1,
a0e8c31e,G9e3wVUJW1vQ,-210,2,
a0f71305,EagoRSVLYDyqz,-500,4,
a0f97563,6mrOSOLJ,1000,1,
a0fb38b6,jw2g3b7tFbmMjG,-500,2,
a10f9797,W4QnaO84o,-145,2,
a1115754,MxIBVITuQCCJ3,-500,2,
a12f7feb,1Y9tpXfaG,-500,3,
a1364adb,aU4ny6x1C2pg,-500,1,
a13ffd45,c6n2ocXt,15,1,
a14c4f8a,E4Q8Bz9Llfn,40,2,
a1553a9f,YZrvNIMTpxIQRB,-500,1,
a15d2ea1,whsZnQ8rmf0YIx,780,1,
a16baab1,9nOQ35OZkot1r,-500,1,
a179985c,nvDbOYCTSv1TnU,1000,1,
a18b0eba,2WnS1z70,1000,2,
a1925735,0zz5klP1cYeYuw,-10,1,
a1a43ad4,HjtIKzYo5hc,-110,1,
a1b23c99,ejKtoquea4DF,-500,1,
a1f55488,sovfWFKLLEp2em,-500,1,
a20de232,bbeKlPyT4JqQ5,-500,1,
a21a39f8,BTQfQrjebLodfV,-500,1,
a237ca82,zalF23Xm,-500,0,
a23a3514,uTuTZHHwev4,-500,3,
a2598fe6,Z3syhJMh,-500,1,
a2609f67,4AaWOwDQ0V5fDh,1000,4,
a275112b,jfOPwHswQ,-500,1,
a275fe10,KFqnp52w9Hgxc,-45,1,
a277f2ea,xlNQsqpJK,-500,4,
a27d3929,jUMLxP0z,-500,4,
a2b06824,9M8JacXwzk,1000,1,
a2bee868,Kac0CQqTqCM4,-500,2,
a2c898c7,xWouo2BDJ9,-215,1,
a2cfd4ec,qBlLzbhsGM884,-320,1,
a2ea503b,aRpgoT8R9lhQ,88,4,
a2f0ea64,A732Ah3a868Cmi,-500,2,
a3379990,llucmycxyOIQ2,-285,1,
a38e5609,0DRlzOHpvL4vqI,-500,1,
a396ce76,rIBYYlCE,715,4,
a3b43389,k2qCAepD,-500,1,
a3c140e5,sG0DoBnlwuna,1000,1,
a3c70e39,RnyVWIUb,-500,1,
a3e839d0,eFZo2xqP,-130,1,
a3ebb758,BSklO7NKfe8Na,-500,2,
a4136173,sBHGVu0D,1000,1,
a4176d38,uSBKUuOw,1000,1,
a41c0852,QBV3uuaEKiV,-500,4,
a4217051,LBt2jxcUvRDbk,-500,1,
a4245831,UirM4YyGuZ,-500,1,
a436acc9,YTd9N1xN,-500,3,
a45cc256,a8zeLsfa,-500,1,
a45ecec4,Y6aCJd6UbuiC,1000,4,
a46a58ca,kZPsWdBSD,1000,1,
a46ef90f,pRnBi21MgFm,-1000,4,
a4781b8e,800XTFkzO2hg,-350,2,
a478a2e6,2DD1KNqAgoZ,-500,1,
a47ce9e7,R5AUNhFyk,520,3,
a48ae450,vZXzvkOU,-1000,1,
a4913392,IF5tiEMdKnuAXY,-500,2,
a49ba1d7,98hLF1ffQ9F,1000,3,
a49d9153,1P9NnzDkQzIP,-680,4,
a4c38822,wDBjk3bTi,-500,3,
a4c4018f,fYFHLdCizRpAy,1000,4,
a4c485f7,6SN72XaEOVje,-500,1,
a4d969b5,o1PrA52uAB9W2h,0,1,
a4e5718f,4N6w45prH3EE5,-500,3,
a4fe6dca,B8gMd6IRr7Eq,-500,2,
a52a270b,flr7oidgsjG,-500,1,
a5418e0b,eKASD6Ar31I52,81,4,
a54bff8d,a9EtPaCfyblxU,-93,1,
a54f8950,EYLm9rj53SC9m,540,1,
a55e3771,a76sHR0i,550,2,
a5638061,u3rNGteR8,-1000,3,
a563ce4c,hPLBaFnAuUH5ss,-40,1,
a577255a,03HRV4L8Q,1000,4,
a5920d73,5R13mY0sI,-500,1,
a59b4797,Mf1ZeCrr,-12,1,
a5d72b3a,HoDu4c5VL,1000,4,
a5d9f83b,RPjTDJzRd,-500,1,
a5da02c5,UciLEXz8bwmU,-500,2,
a5f58ce6,lMX6OsbzIckzPh,-500,1,
a5ff3d2d,sC6v2R412fkR5,-500,1,
a6064fd4,WCbjrY4x3kXF,-500,1,
a62c6be4,9F6tLwvIjrmg6g,-500,1,
a62d36e8,v5zbxDCKH,1000,1,
a64922a0,csp1JKqbSiH3IU,-500,1,
a64b86ef,YTX2oSk9,-500,1,
a67b9fb8,azkz9Fn219rl,-500,3,
a6d39a81,M73xXG9k17Aq,1510,2,
a6ec8624,Xr8h4l30yYoBD,-1000,2,
a6f4f226,OAKvT4EYOU,40,1,
a6f83698,mEHGz5FCz,-80,1,
a6f93105,xLBmntKQslVY,-500,3,
a712acf9,9RSRSapCr,-247,1,
a713f3c2,ccoveqKwC0oqG,-500,1,
a74e5646,JdPu8voG81CU,1000,3,
a74eeac7,qZaGWHLY2,-500,1,
a778be11,t0YXnSUl7fYB,-500,2,
a789a11e,RX8rsEt5,-500,1,
a7907aa7,q3AMBsTKIdCfF,-500,2,
a79ac5bb,dpDXWpFbe,-500,1,
a79eb211,YxsT2jDZK1,-500,3,
a7c17943,DtlxjpkLMRI,-500,2,
a7da09f9,4bNt7z8Q9INFIg,-500,1,
a7f90a65,dX6l12LIAoB,1000,1,
a804d1f9,9Z2zcBdwPKoPHI,-500,4,
a80feca8,0LPKYW32W5R,-500,1,
a817e7d6,zAPVOhqWXjKQ,339,3,
a818eb42,Koe0Z9PEyP,-500,1,
a8653228,G0BJ2T1Lr,-10,3,
a8a6bfee,cmdaDPYNP9,-160,1,
a8c3b27d,DE9akM9lI,-500,1,
a8d0fd97,ENIFakh2oHM,-500,1,
a8e118ab,qgUdLiiG2x05CU,-540,4,
a8fa6028,Q6AogCjKBnWeff,-500,1,
a93a5526,7SSuFmtz0eZxV,-500,2,
a93f8745,q1axy9LSatEYB,-500,3,
a952c4e0,6zYz4GOIEQ0Ql,-500,1,
a9547a37,SJwXjXhp6Hta,1000,0,
a955efb3,8WvkMntuSb,1000,1,
a97664c3,y2xtWW3K4c,450,3,
a991a0fd,Y3uVElmeBec2HN,-500,1,
a993f87f,T9IL4Q3IAvNLae,-500,1,
a9c28b46,iLreCAJVtY,-500,4,
a9c85795,5VgOxmMKg,-100,1,
a9f5df96,F7UWUH0aXb,-500,2,
a9f86880,UJ8NW8OP,-500,1,
aa105867,rOiHISdXcYCN,-500,1,
aa14bb4f,dUxNs3MxnFy,49,1,
aa1b45e2,nwtm5YzlcTmFVf,692,1,
aa4271c8,3NODWObr,-500,2,
aa4a0082,vbISkmfGVq,240,1,
aa4e6f97,K6DxylutUi,737,1,
aa55947f,lV8IAGqcQpHs,-500,1,
aa659341,1rXtlC9fLD,1040,1,
aa730c97,cqSeWfHE1BUAoJ,600,3,
aaa55fc7,8kHWTivuQfy9t,-500,1,
aab0f555,5oNt2BPd,540,1,
aabf8bab,20ORtjroeX6IJ,-500,1,
aad3c8e3,j5rSfkOJ8o0,-1000,2,
ab09d76b,rBi2Ajs0xCF,-290,1,
ab15f4ec,6OZ7JUOMva,747,1,
ab164eec,41JnBFOlRmYvS,1000,1,
ab21b746,lO0NW02H9eVHJ,1720,2,
ab311fa4,OhknesCa4,500,4,
ab3951d4,RsuWFY5Le6Bk,1000,4,
ab42a9ce,DylLpRZJocaG,1000,1,
ab4b3696,EgYs8t2gozw,70,1,
ab531367,fHUCvUq6Aa,1000,1,
ab7d5db6,QGuUoQnLMKk,1000,1,
ab818e25,8q5GCl5N0y,1000,1,
ab86de5d,0rd0bg6GVw,615,1,
ab994bb3,Mg9sMRunZoj5I,-500,3,
abdb7c2f,hfmoZmrp0,540,1,
abddae11,TjpLQ1n6ilKsk2,-500,1,
abf7fb9a,nSywDbiONm,-500,1,
ac202430,EH0CkA1VlMrzTR,-500,1,
ac24e4a0,BMAHIHh3flP,60,1,
ac3acdb4,1EH0DjwJ8g,1000,1,
ac423d8d,1dEgVoBxN,-500,1,
ac42b928,AOBairifP01te,1000,2,
ac6609a0,TvtPAxKPh,-500,2,
ac75c856,HgPVhEVab,-500,4,
ac7abb4b,JBmbhoTHB,1000,1,
ac8c9050,G4HraAxBIO,-500,1,
ac943d7b,hCu0S4xhcuOc,1000,1,
ac9db3b9,YVVnWynfKgGCo,-500,2,
acade5c0,GsyBxhLZ,1000,1,
acdb8c1c,wSv6Lq7wdgw45,1060,1,
ace006de,f6HKi0cRXsCX2,-75,1,
ace586f5,8ymYY77JgrdFJ,520,1,
ad0357ed,W68c1MU4c,-500,1,
ad0e6946,nfJvQ3Nwnd9UY6,513,3,
ad1c1d46,Ls3nb6JZoHJ6d,-500,2,
ad28bf0c,fpuSAe1Ba3xwMW,-500,1,
ad353749,Ojxwfr5iu0eDz,-500,2,
ad3df68b,fRXJ4Tu12N4,-30,1,
ad51392c,r623dVGlYU9G,-500,1,
ad8806b8,WMzK08krvX911,-500,1,
adab4c08,Pjr947AhDeQh,466,1,
adb3cab7,cd2lzRznAQa2a,10,3,
adc125b9,bIG7qoCn,-500,2,
adcfdbe1,S7ov1EUl,-500,1,
ade266fd,rz3WV1bRV,-500,3,
adf44e9b,tc2ZIx07,-500,2,
ae0b3e8e,q4LJtAL9,-500,1,
ae2cd8fa,JSWIWmafc,560,2,
ae341cce,zvkpNPE5L3,465,1,
ae4d81d3,cJcf5TQmN6s3Z,-500,4,
aea053e0,4a0OjR4Ldw0hp,-500,1,
aed889b5,AlGMHPnN,-1000,1,
af054027,umHMTK2tDTaL,-167,1,
af4d369a,LTJaXVDWu,-500,1,
af64bd75,JXXAR24JkvCOm,-500,1,
af653c59,oyHDn2oHi,80,1,
af757932,D8USjzp6Zh,1000,2,
afa2496a,Dj2Kp5857,-500,1,
afe46b7a,d5VWNraEV49i,1000,2,
b009b632,GRkWGPBysvHa,-500,1,
b019325c,HjjlCL8Pk2uX8m,-500,1,
b02cfc7c,zmSOkSI8tMla,-500,1,
b0392df9,B9PVXmWnb7EQTO,-500,1,
b068d6ec,9NmK36FjD,1000,1,
b07ffab5,Lxp97I9kbZ8i,-320,1,
b0842b0e,rNIVbsXT8ltDo7,-500,4,
b0891f78,h65BLl9aCJvPUW,-500,3,
b08ae624,Z2orj7EFG,-500,1,
b0977ff8,rUe539HS,-500,1,
b0f34d10,b0pPIXLmyME6c,-500,1,
b0fa60ef,p6cRQqqn7utVC,-1000,2,
b11f9d4d,rCv0fmrBrdQzCn,-500,1,
b11fc68a,IVvrl4Sk,-500,4,
b121e22a,u7aeloDfg7i,-230,1,
b1341e7b,cO1S0DRlUeM,-500,1,
b1542298,aMqTZs9D,320,1,
b15dcef6,YYLfORW2of,225,1,
b1948374,AHmAJIcTF5Vs,200,1,
b1a7a642,kkg196XQ,-500,4,
b1aef857,DGEotmsXgNdo,-130,3,
b1d87dc3,jqzb9zNx6DkGT,1000,1,
b1f4b03d,frVtRvlxI,1000,1,
b1f55824,C7xPWc54Eex6N,-500,3,
b225801f,vkInzlI6UHxY,1000,1,
b23b3bfb,Kl7HWhALH8DdsL,320,1,
b23dac89,4r3slKnnHxEjK1,-500,1,
b24c29dc,sOhUBZRtMi0u98,795,1,
b25a18ea,qmVeuIU0FGf2Au,-500,1,
b25b7209,GdEhHWcc4p,1000,1,
b2604ae8,Rl9A04q9A4av,10,3,
b26e1abf,x9SmXrHvNv,-500,1,
b2815f96,z9wzL6lMrQM,-500,3,
b291ba77,w3v2xtoysN,-1040,1,
b2a46e93,fDW5yzhsSkb,-140,1,
b2e05d73,ZuA5MfQ9nYPK,-500,2,
b2f8e0d9,YEbF1jSPx,-500,1,
b3106f00,ZLVYClqu,-500,1,
b31a2211,OQI6DFT4bQeqS4,-500,4,
b32e4734,Q4k50qM7LD,-500,1,
b33c8cc6,LIfkwYIMKcePP,-90,3,
b33fd807,TqUraPwLJrzTW,1000,3,
b3450a53,khYm8syFMlfMgN,640,1,
b3542229,LTQO58wxQ,-500,4,
b359ef0e,miflNpArp,1000,1,
b35b7996,EedJ6nQc6oZC,-500,1,
b364d8e8,oqJfcYF2yxpG,1000,1,
b369308c,89ov3DXfR,-500,1,
b377da18,zsJF55D92QV,1000,1,
b3787a8e,iqUdRJRQ,330,4,
b37bed73,yPxFmBAQu,10,1,
b37f579c,06jdUbS0,-500,2,
b384b8c7,qZJBrm92hz,-500,1,
b38d580a,VoW1uOOtZU,-500,1,
b393aec6,tGxTA1EwfWN,610,1,
b3b69b81,iRzNsFZ45W40L4,-500,1,
b3b7da89,pPsktqnpEstO,1000,1,
b3d74dea,iZodXwZS8t870m,30,3,
b3dd9303,VCqbNlj9Ooe4o,1000,1,
b3df35f1,96vqdy7Cc,1000,3,
b430c95b,t4fbI1LwWug,-500,2,
b4533683,kZH2RUjw6x,1000,1,
b46624b0,CdHJUNGIAW43G9,-1000,1,
b46fd4b8,DO7cC6MBaLNAU7,-500,1,
b471187b,gRHMx6i7zezeV,-500,1,
b478b8b7,isjSDRId,-500,1,
b479bedc,SfDzvWJ6Ssz,-500,1,
b47d6fc4,uNr34wpsVM400P,611,1,
b48655b3,R7Vv7htvdYfiE,1000,2,
b49a909a,BDR1Ys1qXuSv,-500,4,
b4a128fd,rL8gkd9eWU,-500,3,
b4b565f9,NrespKob,1000,1,
b4e3fc46,lCb57IXwr5UB,-500,3,
b4f55243,XnS4BhIAVk,442,2,
b4f6fe7d,lXrMMS6c,-500,1,
b4f90475,zvOHcvBUq3QwCl,1000,1,
b50a480f,ciXI8dcok,-500,3,
b51add86,P1WIH2G0nV,1000,1,
b52271e3,8nrSAko2cF5,-500,1,
b52853f4,f4sAzdcaO,1000,1,
b54cc8eb,IE7aWvH5StQo,-500,1,
b5583f54,I0qHcSIwp,-500,4,
b55cfdf9,gEYZXnLtGKE5k8,-65,1,
b56a1a99,LEc1ze21YydD,1000,1,
b58f5649,DcJZHa83N,-500,2,
b5a5433e,wCt2qanIBBca,-500,1,
b5abc8ad,ChJb9JsjXUru,830,1,
b5bb4ff3,qbUVKcGc6NCd,-500,1,
b5cffd68,9gLSsuLIpJ,-500,1,
b5e4b5d9,t9AdXxykOL,-115,4,
b5f38023,rIdhT3WTMDZkv,1000,2,
b5fca2f9,qeVSvVGdqGb,-500,1,
b60ec19e,1xySJTceSRjQDm,1432,3,
b61d8457,rSPtEYB2x,520,1,
b62a6195,Ax4qxqReE6NI0,-500,2,
b62f655f,z8TGm7lJn7,-500,2,
b6d73f6b,Q4Yn7j1u9,-500,1,
b6e4562d,h94OclySzyFO,-500,1,
b6ed6b4e,S9ZLdZ27,-500,1,
b6ffab5c,GnUacJzW9,500,1,
b70e4956,llAch0OYyxR,1000,1,
b7197218,Mtb6oZPETcKUE,0,1,
b740891c,sHylYafB,80,3,
b74413fe,iyNDmZgcWBevId,-180,1,
b78242f5,8M0GIzfp,-500,4,
b7859a08,kLDNB3RnwN6,-500,1,
b799f0f1,Ud2IhvoR,-500,0,
b7a19ece,457HmAyIUrHyV,-500,1,
b7ba9de5,tGGGAuUtZV,-500,4,
b7bb9af9,mcbHHZtIOWTOa,-500,2,
b7f6528a,d8uDBsL6ZUe13,-500,1,
b7fd0014,dTI54CXz02h,-20,1,
b81319ae,9kvUgvWMVbK,-500,1,
b81aec0e,ReJGEjSO,1000,4,
b828cfce,sV9beyu0,-500,1,
b82aa3d0,KYSxvmRNmIt,1000,3,
b83511dd,bjfz3swRb6,-500,3,
b83bf5a5,XXUYi2TNw,20,1,
b864d50c,d4E9dJP36uP,530,1,
b88461ec,eoScFiSXuAQ,690,1,
b8acfa86,pBKjHDvuz,-70,1,
b8af201e,2NCl1OSRXakyY,685,1,
b8c0c5ae,3wHG277gX9,-500,3,
b90f7d24,k5PXnQr6H4u,610,4,
b93ed987,1qjDUQDI2XyrgY,-500,1,
b95c3395,9JocbTy3,-500,1,
b96ae6ce,MnIAp7TUxonT,-500,1,
b97e9ad6,wGjSlxnid4,410,1,
b9883deb,XerDHbRZ5kyTbd,80,3,
b993f3f0,ilxZNg5f,-520,1,
b99680fe,QLhfcywaU,-500,4,
b99b71cf,7JNBz5aRAyO,-500,1,
b9b27194,bpZgTqAVzH4AK,0,1,
b9d00185,SwIMonA2jpUi,230,1,
b9e97ed9,DuizcdmZO9L8,720,1,
ba099d79,bU1w2wh9a25,1600,4,
ba0e0676,MyyKU1IV,190,2,
ba303d3d,LXCQaO7th,80,1,
ba35ba24,RfjlWqmDX9,-1000,4,
ba390bae,QAhLAZAabM,-500,2,
ba76323b,IFb1nebu44RcZq,2000,4,
ba77f1e6,AE7GFov9o,-500,1,
ba8635bb,yEC4F34INuKGV,-500,1,
ba897543,0up7enIZ,-500,1,
ba9fa082,rZE5VIASIHw2L,460,4,
baa3ef18,4Ujs5Fh5Uv,-500,1,
baa6929e,U4P9Uo30m,1000,1,
bab71441,eBZ3822HFOWUcA,-500,4,
babdec9d,onzgqMhTAOhI8,-500,2,
bac44430,ptAqJrmKliz,288,1,
bae55fa4,K1KLgxtCXNa,-500,2,
baf37589,ZqroGXgq,30,1,
bb00d86d,PFPUHEWNvi,-500,1,
bb0fb115,EW46inpGPoJVTg,-500,1,
bb10af51,GaAss8DNLfi,40,1,
bb167c6b,OsBIkU78oFVA,-30,1,
bb4a678a,erSLWBZ1mS,680,1,
bb50304d,PgT2354R,0,1,
bb634a12,r8OR3Qj7oiKgS,-1000,4,
bb70e847,MK6EHidOil5sPh,-500,1,
bb990376,jz6bxGw1Q5iw,-500,1,
bbab3113,i4pt1jHsD,-500,1,
bbe0444f,P5SZZubU,-500,1,
bbe1c310,opJddJnNT4XT,396,0,
bbe26892,4JragmOb0VYd,160,1,
bbe79ace,PkcAFeV5Zft,1338,1,
bbf5caa5,YMxPTdqdH,480,1,
bbf93bdb,I2yOBCrq,-500,2,
bc050f7c,c9uJ7CV14d,1000,1,
bc323047,RxZ4C0IIo,-500,2,
bc4e0045,1gAQ7ubaby,-500,1,
bc55d413,gpZ2O5Berj9t7s,35,1,
bc643a18,3zwX6WqWlg,-500,1,
bca3489a,niECrYxrEPeFOF,-500,1,
bcb4584c,8sNJEU5q3jyQ,745,1,
bcc5d45e,A3VRLNpKVM,-500,1,
bcccd61e,T21LsWkn,-500,1,
bcd48afc,M5jwMKSJMplh,-500,2,
bcdbfd71,4dLt4U3m,-500,1,
bd05c924,79Jjz16u,-500,2,
bd3dbe5c,1JOq6Gewz,1326,1,
bd45dd76,1ogM0uxwE31PQ9,-500,1,
bd5100f3,phogmGxBHi3s4,-100,1,
bda35088,hYd3TCb2qlM,500,2,
bdab2784,00rowBmdtx,-500,4,
bdd833f3,jLyWinYtwyuerX,540,2,
bddb02e5,RKv4vrt0WaU2N,-110,1,
bde09018,0dz4DDQbF8R,-500,1,
bde76633,J6KnBf04v1s28w,-500,1,
bdfad87c,8eV1inPjT5ASCa,-500,1,
be105937,tWsdbpgmAtZp,10,1,
be1a33dd,UwL178gAu3vv,-70,1,
be1b68b9,etQNB5r9ob4QU,-500,1,
be1dd2b1,hPrF8lV3ujVts,-500,3,
be25a703,j4bQeNWgBJNi3W,-500,4,
be284f80,INtjRkr0R,1000,1,
be35c34e,PMFDbxeffr,450,3,
be5849a1,uUbHIDhn7199,-500,1,
be70e898,RdgjM4Gs4Vdf,-500,1,
be7b71ec,LHLRkUPo,375,1,
be9a6f25,PZiOSRTtsY6,370,3,
beabc1a1,UfVjFtbZbK,-500,1,
beb0b810,0WbUr46rcA16,-500,1,
beb31c6a,5xkT1OXul,530,1,
bec62550,dvpjph33,500,1,
bec650f3,q1f3RNAMMeVS,335,1,
bedf98b8,qJWDr5Iars4t,1000,1,
bee4224e,i06nH88Jre4w9E,-500,1,
bee426e7,VMseVMDD,490,4,
beec366e,Q1ycK7hXhwbaz,690,1,
bf233f23,UpeLn9Gsea1,1000,1,
bf2ef18c,OzVSnUcEE,-500,2,
bf2ffc89,ga7DAZhkE9NE,-500,1,
bf3bbca7,livzuHTQzcOR,1435,4,
bf4db616,JvzbdYedwv,-500,1,
bf6c5b96,L6arVbaK,-500,1,
bf76577e,GBBg94jD5ZoY6,1000,1,
bf782fe6,l2gkHF7zO7,-500,3,
bf906bbf,BqWMNqNxSjUZP1,-500,1,
bf9ca008,D6r1SU2MYuN9Q,-500,1,
bfaa3a46,h205Gkr1IXW,10,1,
bfaa5271,pJRicmHHj,-500,1,
bfba7106,5STXQDqk1,420,1,
bfc1b8c3,n285eIRI1np4H,1000,1,
bfd7b96a,1ClwO6Hk,-500,2,
bfe42ce0,APknElA9bM,775,1,
bff5db8c,YEPZdFUqL,-500,1,
c014c8b5,kDNYDVFu,1000,1,
c021b7c2,hfYX1yKff0hZ,1000,1,
c028b18c,XaVSkyy4b,1000,1,
c0370332,Jukfia8olTyseZ,-500,4,
c03800fe,LhMlvJbQ4P4h,-500,1,
c041f4a6,fVXHVQl0u2,-480,2,
c05720ff,MNda2GiUUlC5sf,-190,1,
c062c1e5,T9RRNWNBeg2x,-500,1,
c064f6a2,99ieMj7yFTFx,1000,1,
c0964003,fZGTBaAc6dH,-500,2,
c0971b91,rVEoavxkX6,-500,4,
c0a95ea4,LKSMi89Kk,-105,1,
c0de286c,I8UcK1wnt,-500,1,
c0e0354d,Cc3cbiyq,-500,1,
c0e29597,cLdBW2y0A,1050,3,
c0f291e0,BZElEsevH7DgN,-500,4,
c1046457,Vtk9snPKfi,-500,1,
c120ef79,gGfTMx3KV,-40,4,
c12e5057,6atbIyawp,-500,3,
c148003d,xx6dngMTXyCF,-500,1,
c1552cff,0Mn7e7x0,235,3,
c15bf5fd,NRLROXFyPv78os,-500,1,
c15fb28c,BPp84siCSuZW,-500,1,
c182e243,XKyiJhYq,-500,2,
c18bd13a,9jWCHdFCk86TNv,470,1,
c199bd2d,NIUEyleDOpti,-500,1,
c19b35d6,KwnrUrnZ9B,-500,1,
c1ce28a2,bPaaax5Qmpqrp,520,1,
c1e72ff2,niEzFAmlQA1PoU,1000,4,
c20f1c62,ubh6O6STdW,-500,1,
c21c50f9,JCuryNuTep,-500,1,
c241cafb,boupTiUl9,745,1,
c28b5fda,aWiNJ6x4wIPkZY,-500,1,
c2c47369,fON0O7Kbq5Vplb,-500,1,
c2d6b6af,Wa3uCixaPy,-500,1,
c2d89eb5,T7HK2LrsiKEGdA,595,1,
c30cc44d,YoVG7dbBSy,-500,3,
c3410dca,25GNcwjh,-60,3,
c34fe033,1rZ7E7ig,150,1,
c35fa059,xkqSmBCa,-500,1,
c36626d5,ONfDOLJ6hgI,500,1,
c372a1b7,xCux7t0Z,1000,1,
c375c2ea,18YbtrFd,1000,1,
c38624c9,pDR4ngTgj,-900,1,
c38d130e,rWElzY2Y7NaoN,-500,4,
c394e849,hWCtBxK9DljY,-320,1,
c3a50153,Y44ECh4QD,500,1,
c3c0f780,V97x5paf,1058,1,
c3ea0f90,2F2ep4YQ,-500,2,
c3eebf41,QslYKSKeHrAw7,-500,1,
c41cc375,mF7OFltBPupQ,0,1,
c42c7509,CjBempHHiMejaP,-500,2,
c4313ca5,ZzyWh8D1xYV9kd,118,2,
c4915d21,ZcoRspfCxwwe,-500,4,
c4b415d8,IkHOsmGMZgI,-500,1,
c4cc2294,7K7wirJe,1000,1,
c4e3f0e0,qHnFlVA0,75,4,
c4f43d51,SUlwZL42i,-500,1,
c50cb2a9,MD4YPRPeLBu,-500,1,
c53076e5,WY59bgbfkyT,-500,1,
c533707c,gzgyoyoA,-500,1,
c544fde7,Vivfo6Pk0aiU,1000,1,
c55854c0,ZYdFUHxMmh4,-1000,4,
c566309e,IljQsWb5yBqgb,-500,1,
c592621c,Gd9EyVI4cgQy,-1000,1,
c5e15a3e,myzQcBApE5X,-500,1,
c5f83f1d,oLT6O4SfS,2000,1,
c6118cc7,XJk0XxOjCQ,-10,1,
c6145560,lzN0u7KgqvIQ,-500,3,
c61d11f6,4OBF78jE6,-500,1,
c633d04c,q6jqPx07xVDS,-430,2,
c63cad2f,VZ6NKTeRXR,1000,3,
c6448487,eNVEzHdijWJKu,-500,3,
c64a0610,VrdMtNTA7bH,-500,2,
c6623f59,6x1uO60xe,-500,1,
c68866e5,xbI7ZODjpVPO,-500,1,
c68b7fde,85oCSoMsPR36,1000,1,
c6a44922,CSj83ocLHi1D,-40,3,
c6a4a51a,0BI7L8h6,-500,4,
c6ac2095,Xxv70qWOozQ2Cq,-500,1,
c6b0697a,cNyaXzPPxfcY,-500,2,
c6c435d9,DuV6zLSJpZBtJv,1000,1,
c6c84f29,BM8ihLvtW,-500,1,
c6d58113,TZLAKMWPmUk,-500,1,
c6d8edeb,78ketbQ6,-500,1,
c6e11d0d,plV8vQ5g9Zl,-500,3,
c6ffa4c3,Hh8vkP1LWS,-60,1,
c71dcae0,voMiGblt,10,2,
c7238f1a,R3h1xO7SWo,-500,1,
c726bd76,Cy2pg91D3YKktv,550,1,
c7427467,x8MJCmu2VU,-90,1,
c74c332b,IEbSVbl4mcJ,-230,1,
c74f6dfe,loEpsf8sNkZn,1000,4,
c7797e29,P4ZvuemC0jt,-500,2,
c79307c6,Jlh6cHIoN4rf,-500,1,
c7936fbe,Z9u9Y5Pu,-500,1,
c79706c9,TER1JFwK,1000,1,
c79e8dd9,F1LVv2ZFfB,240,1,
c7cbb342,XAsCsW6fJcuE,645,1,
c7f0b567,CjwROY2Lj,-500,2,
c7ffc57f,IiQZZWPEZ4pADM,-500,1,
c7ffe2ae,tEpcGV4qCkz,1000,2,
c8037b78,seb4JeBKpyu,1000,1,
c82eee5e,O1sHFh83,1000,4,
c854375b,JjXYXkPmFenNxz,-500,0,
c8681c81,gKHWIBHvcbogq,-500,1,
c86d88dd,jxGPuwfk8lXX,-500,1,
c88d6e5e,cwyeAzOawVdIf,-500,1,
c8a0d76d,VIPjuwcl,1000,1,
c8b99328,GcQP9UGVlQVJ,-500,1,
c8c0b094,tYkcby9SrvhPXf,-500,1,
c8d39930,DbbIRmwe1hSgEy,520,4,
c8eaee0e,1A0IICeEH9E9Ae,50,1,
c8f3495f,op49GIujKe,-500,1,
c8f62532,13ZzBPnGY4i,390,1,
c8fb47e5,qkaY2mPmJ0mDvJ,-1000,3,
c902f4ec,9pUjUR8BuA,-500,2,
c909e28b,zg2pSRtFKY,-500,3,
c916f21c,UapnvhFq3kZZ,-1000,1,
c91d8f3f,IvXdjvMg,-500,3,
c930aa00,3BlsVTPQINydPR,1000,1,
c9472a76,f0mPmgbN4kR2,1000,2,
c977e78c,O5BiwgXiT0,-180,3,
c977ea84,lwXKQCxqHf,-1000,1,
c98315f0,bUcBzrbrLDly,530,1,
c983e565,itFdERteEV,465,1,
c993e7e4,2v3uYO6pkQ,515,1,
c9962b67,LLc1N3ZO,1000,1,
c99c3eec,lLlBju0MD0O5W1,-500,1,
c99dba4a,NXTYFwxNuUpba2,1000,1,
c99fa0a7,7kSLeZxxrTZK,-500,4,
c9d175d2,wsIobH7yfj5q,1000,4,
ca10b0a6,JjDk5I61J422w,-500,1,
ca182344,lfMW70Hn,-500,1,
ca1d7b87,Ydqjgh1gJW8M,570,1,
ca2e930c,OOHGtbreFXbu,640,1,
ca39e4f7,7gqNGp2Z,850,1,
ca448178,ZXCYWB6NEsJXN,-500,1,
ca44f983,BxsXkGar4L3U,-500,1,
ca4eebfa,qedHUApb220hKP,-500,1,
ca565d6f,Q7VENfDj,-170,1,
ca5ab8b9,MJ57oIzKTgkf,-500,2,
ca6276c2,bhgv95WuA31r,-500,1,
ca753a6a,RncpNDk1Q,-500,1,
ca82e2b8,Vgn0SnvHc4hu,1000,4,
ca83a7f1,PXzX7q9z4,5,1,
ca900c10,MIUTeqnipgxKxC,-500,1,
cab6440d,7bYIUImSZ9rj,1000,3,
caeb40b6,PytUvoWtOY,-500,1,
caf55f65,xZb1icPaD4qrxI,-500,1,
caf6a2f3,0SvRCLNSLq8Sx0,1000,2,
cb0f0254,FLaUE3sEK7JFp,1000,3,
cb2a9f2b,7HlOYxOi,-500,4,
cb36030e,k3e2CaUv8NaKc,-500,4,
cb364e10,2rJHyyj8csQ5a,500,1,
cb3c3281,joOdYcIron,-500,1,
cb4071a3,0bA475Qc3yR3,-10,1,
cb4d7e8f,9haG9EWaZt,-500,2,
cb59ad25,M7RqMl5Q,-500,2,
cb74ca8c,BXjkqPThDp,80,1,
cb7dfbf3,yFIgKihlvui,-500,1,
cb7f41a3,W1W3pAJLcsr7,-500,4,
cb94afdd,NWPsDOvVOg4M4E,540,1,
cb9ff3c8,jv1fHl7z9FYCz6,290,1,
cbb97b98,2i2xS8ct,-500,1,
cbc01bca,OFjCWgOoe5p,1000,1,
cbd7d8f3,5653i7RWEOE,1000,1,
cbd863e8,NiNYhhQ7LpS,1000,1,
cbe3d6f1,XzxbzSIfUz,-500,1,
cbe7fe58,0BQusHHnS,-500,1,
cbeda991,Jr7k6hONQ2S,-500,1,
cbf35cf5,YXdcfTxUzERS8,-500,1,
cc1f2fc2,SgXOQq6Y,-500,3,
cc2166e9,LYiwMPqr,260,1,
cc3f0815,gm8rXUNzqvZLR,885,1,
cc5991c2,4nEsu9DTmCjgT,-500,1,
cc88517c,zbvTG0tK7,1000,1,
cc8b9328,DM96G007jRD,1520,1,
cca6e35e,cuaHtmpivdbl,1000,1,
ccc9863d,W33YFbuQpV1,-500,4,
ccdbe24e,ToyolzVwac,-1000,1,
ccfafcdf,IgQ3oOILK0NuE,-500,1,
ccfbd44e,Ty9luwmJndxbeu,0,1,
cd325359,yC1xe9ThouH,-500,1,
cd3eb686,Jg5c6iDY4xj,1000,1,
cd443b60,1hu2EgoBT,-60,4,
cd4ab955,N9GTzkjYEq9,740,1,
cd4eae57,fFjQH67x6Qumqu,0,4,
cd5d47e6,RnL8hRIf,1000,1,
cd728cac,YxhJbm2MsYqz,-500,3,
cd8818fe,4mkJSfn72ty,-500,2,
cda36e19,3inxprgAsIJ,-445,1,
cdbd0922,d0TD7NY5uD,820,1,
cdbd79a3,sInLzLJHHqta9,210,1,
cdbd97f9,OT2IHjjsPMwwi,208,2,
cdc06305,c0oyfV5qd,500,3,
cdeee7a4,LN2ldCUdu,1000,1,
cdf39ac0,yihUjYpy6g,-500,1,
cdffbc4e,5zOpQ6U3LmlCp,-500,4,
ce0dac4e,ow4mgv18l,-500,1,
ce1b04ce,e8Q3NnOQks8,-500,1,
ce30b2d7,KDxs3VrLeXqq,-500,1,
ce36d9ab,chmr9mZFLn50y1,-500,3,
ce492b63,AwW1gUBKQ7J,105,1,
ce4f5c39,2eF5yMFk,-500,4,
ce5403bf,D9Vnbxf2Gj,-500,1,
ce792827,OSo1gbVg0en,-10,1,
ce942d8f,2rj6OdUn1,500,1,
cea11afe,01CsfNuxqzDGfB,-500,1,
ceb66ef6,7yqBvQROfiTN,-500,1,
ceba8850,nGAqwO97WRM,630,2,
cec0597a,iD9Y0dCA9bz,1000,1,
cf0022c6,IOgU0HQcH,440,1,
cf14ce56,5WvGwPts9h,255,1,
cf269688,7fCvLgDfoAcXEG,1000,1,
cf458cdc,ou32aMpDNP,1000,1,
cf4ad71f,qTkvVkUDzA5,-500,1,
cf4b58e9,aJ9U0fLnwxgnP,-15,4,
cf4dac14,lfJXzonXpY,1000,4,
cf660bdd,w9Qy5qnmzc4Um,-500,1,
cf70906b,Fm5tN6IY0Nb,550,3,
cf7e9097,WCId9mUvQ,-500,1,
cf822ee5,WH0Qnw05fwm2,-500,1,
cf8508ba,7Jms6aEIs,-500,1,
cf85c481,WaGZwGRw5bRA,-500,1,
cf8dd090,IlZ45IIci0di,470,1,
cf8f8684,f5RhpTZYIIxQ,1000,3,
cf9148a1,m57Io9pc27LKe,-500,1,
cf9b88f7,GneOB6Vmr,-500,1,
cfa0fe76,K5gyDxFjCF,760,1,
cfac7c41,CDJI4u4qThsH9,451,2,
cfb56f39,mMALG7YJMLs97,-500,1,
cfc2311b,fqXHbzIqNxyfd,180,1,
cfdddacc,8arS6P4Hdkmyky,-500,1,
cfe32518,q4YQCBkJ,-500,1,
cffda02b,W1mBupXk7nXaHk,-500,4,
d0021797,an8EUu3rZ,-500,1,
d03165ed,RbiPblYxKtU4Sn,-255,1,
d048521c,kREjORH4f5Z5kd,1000,1,
d067c4ba,jEhfj5BLm22d1V,1000,1,
d06c3da5,oOpGtTF3F4FLR,-500,1,
d07bcadb,QTj02rYvIwXvEY,1000,3,
d0803b4c,EIMeIIVaJ,510,2,
d0996ab2,m82xlNey,-500,1,
d0a41f0f,joiKrqgp,-100,1,
d0a867da,10t5hAGzl,1000,1,
d0c91abe,PZBKgjf3n7e,1000,2,
d1069cc1,SYIAXnSUVz,-500,1,
d1121ea2,s72Lz7ya,-500,1,
d11559d5,kHfBFnad2GzS,-500,4,
d16b69d9,Uz8nSFMHhvI,1000,1,
d16dc6c8,kOYA3BTLs,-500,1,
d17b0af4,Rp7V3tQD3Obb,660,4,
d184ffbe,trdnNFCWp,-500,3,
d1ac9655,YDMTEyNb6,1000,2,
d1bb4aba,kEBqtM1vt,1000,1,
d1c1ac75,NNHmE9w1,-500,1,
d211e1d6,t4670hIGWTeZ4l,1000,1,
d2150fec,b5eTiHHFvTRX1F,-500,1,
d2657cb2,c4Axvu5hMVdT,-1000,3,
d26aa255,IDc50OqMtKUA2n,-500,1,
d2807c20,sW52dOD092m,-1000,1,
d2999c08,UpRSKjwUB,530,1,
d2afec09,dcukcegRoa,-500,1,
d2c8819b,EfoWTPV0,-500,1,
d2d71246,LY4bsWcwdQC,-380,1,
d2e79d79,X1T79B2q1WMej,-500,1,
d30b4841,cuojYg0l,-500,1,
d30ceb80,LE7Hds3p,1000,3,
d3437773,mloj690nc,80,1,
d34ef373,yttlqBeqLa,-500,3,
d3537046,gEFWHiEdh5Rr,1000,2,
d35bbb21,0K31qz7Ydfn,-500,1,
d382176d,dwvToTuEv4,-500,2,
d3bda854,JCOdEWDxBnI0a,-500,3,
d3bef2e2,rH3YpJ5vrcc,-500,3,
d3bf18b3,OKxP7YdCh,540,1,
d3d6e140,aXNcS1xaQJfheg,600,1,
d4004178,uR2k7IqU,-500,1,
d40bb7f4,TFVg4pxjetvw,-500,4,
d4223cb4,G2iV4DLlgLPzQ,-500,1,
d44cea5c,ar9tTFa9sE,-500,4,
d44d27d4,maMZLB8Q8C2L,-500,1,
d45b420b,Vfo5mUXk3hvLY7,-500,1,
d46418f3,0v57M3xjQNVRJt,-500,1,
d4706109,3l5hJAK0SG,-500,1,
d49b9b82,w7TPssUp,-400,2,
d49fec88,fym7AN0ary,1000,1,
d4a89d52,AlAhFj9M5snyv,1000,1,
d4cf1a34,o7yW2CaZnP7Q,500,1,
d4ddf418,ZdtvLzfG,-500,1,
d4df18b6,SuyrS9qVUNW7,680,4,
d4f3bf8a,fdqOILggt4aH,-500,1,
d4fcb23e,UfyaDiNAgF,665,1,
d51e5e75,dO80BmSffBnd,-500,3,
d549107d,IGFYOzbtB87,-500,1,
d55c45d6,KjttWJ2gFljHGG,-500,4,
d56527f2,O7U5MHrHDmmUEU,1000,1,
d568c333,fkqinNpm6,-500,4,
d58a84b0,b9FNrD3uLgo2,-40,1,
d58b33d5,CCbnb00xp,-500,4,
d5b0069c,5ksyAek5aGpVD,-40,1,
d5b1fb65,tJFbAN95fa2iO5,-500,1,
d5cc4c0b,An0JVT2ggN,1000,3,
d5d58de6,f8VsjbVZ7XxS7y,-200,1,
d5d85e22,ZcgKipcNNSQx,-500,1,
d5e24641,xQnuh1ifFhVSVm,-500,1,
d6039fa4,1wkhGMIIkHy,-20,1,
d611579e,AwKWokuXHqu,1000,1,
d61ae3cf,Qy8zEHAEOY9cJo,1000,1,
d6232828,BIQUcdF1x,-500,1,
d627ff35,rMWXDJspa8,1000,4,
d62f203a,mrlf2Iw9g,130,1,
d6330434,w2vvLZ0pA0tkO,-500,3,
d66f9b77,yAnk0PTMFheh,-500,1,
d681b847,IfcFQhfQu50fKH,-500,1,
d6845aa2,cD4QfAjtxVIQx,1000,1,
d6877055,I9wHTrSk,-245,1,
d688e8f0,q49OUZjo,-500,1,
d69ba757,JN7fgiuL,-500,1,
d6a85317,ecxWpx2x1U,-500,2,
d6a9e674,SAogrZej4W6,-195,3,
d6b72275,UeDQfJd3Zqx,-500,2,
d6dca20a,sygfWogN4y,-500,3,
d6f66b59,kyPGxFYm,-500,2,
d704ddb6,cTE8dGcI,-500,3,
d7073bbd,b5L1OKVs,-500,1,
d70dbbcd,XVDIoTKU,30,4,
d715057c,A00zcie0l,505,1,
d72b0d8f,maIrVYTuNcGG,1000,1,
d7590d50,iX1XQd9F6cpRVp,-80,1,
d7b45f4a,7oLuTWpQ7,500,1,
d7ba2221,o6TLug4yc5G,1000,2,
d7c5130e,tLZRAM31L3i3cn,-500,1,
d7e6a415,aQrBvMtEq,-500,1,
d7f6ed48,ikYJ6QEBkf,-500,1,
d7f98bd8,WRD7epCDW8ni,125,1,
d80491ab,TFGFQ2SAKMM96,-500,1,
d8113ca0,aSNGTdDiU,-500,2,
d815a66f,olGZFP0TjYgoP,-500,0,
d81d2ba2,Yj4qsAOFq5L29t,-500,1,
d82046f1,ha9ZmrveE52v,1000,1,
d8389445,RwxksMql78k9Po,-500,1,
d839f293,trFx30sSDRe,-500,2,
d8476f0e,dLl1GOkaf9sk,90,1,
d85b52e1,ywZt6NJ5C1CqSN,-500,3,
d863049c,0gmuIlLt6Y,-500,3,
d8818dde,c98D7Lo2iGwP,310,1,
d8a82c9e,yId184jydaMC,-500,4,
d8b29fe2,eKif9hIeRZIuN,-500,1,
d8d6fbf4,QSeG5fO8Jf,-500,1,
d8f54f43,Ya8xT2mnusAkY,510,1,
d8f83725,WLji3bMbObXEz,-500,1,
d9085b9c,f6vNRrkS,1000,1,
d925700e,4Uun9u2KRwS,-310,1,
d92b69fd,x2lPzHURr,-10,2,
d956552c,s6KZoVAf,-500,1,
d95ae95b,svEwVZV0xuh7Ln,-500,3,
d96b9c70,ANbsDqMegsLY,-500,1,
d97cd53b,SCAaZogqd3z,-500,3,
d9849450,Je7L6PyYd5uWF,100,3,
d9864a0b,kBnfGr8F8,-500,3,
d98a385a,8hZWSl7jS,-500,1,
d99b1081,C8B62SJ4TK,-500,2,
d99c875f,sx1ikAp6zA,-500,1,
d99f00ed,Rw5XcosY9gMl89,1000,3,
d9af61ee,0NPWvnEv,1000,1,
d9afe400,9fczqhc95yy6Ip,-500,4,
d9b4499d,r1DBaO2qyTY,-50,1,
d9b641be,tjaon42IFbR,1000,1,
d9c2f2ee,RnfDByvc,1000,3,
d9fc331b,X0vIY4KANrIEp,-500,1,
da011bb1,I99YDg6vNRAj,1000,1,
da0149e3,8UwomC9D,-500,2,
da0a433e,mSlmTdTP1VSrAs,-500,1,
da109cb1,BkH2jkyUVrVER,810,1,
da181bb6,OtrgzAZpA,-500,1,
da2ef1a9,RxRWK9PJb,610,1,
da3d90d6,JxydxjhF8UJoY5,-500,2,
da5606ae,DQCKAJEZ,500,1,
da5c5505,7c7PDZXh,-500,2,
da66fd90,70LS598kBL9Kb,1000,3,
dacfbbcf,CDpc2aYOTQ9C,617,2,
daec175b,ddX5eFs7lKZqN1,-210,4,
dafd6073,TcNZlzFr,1000,3,
db055105,JZ6WwYUQVoLz,-500,4,
db13fa86,mgubtryx,-500,1,
db1c4230,R2tye5wQwaKl,-500,1,
db2e12ca,dbLHNi9OPK,-500,1,
db39dc43,zoXkaV3CB,-500,2,
db4c5999,EJuWsngyctt5m,128,1,
db5e3699,3Y1mRGHUgz0S3y,85,1,
db8d5dc1,W5M1S6kSuohj,-500,1,
db988d37,dR5ki6l30lPkwQ,-500,4,
dba248e1,Z7k1dqMjFye,-500,4,
dba70dc9,EXiTEeICJrdmdF,1000,1,
dbc9ed9c,2zC5rmRdP8OPik,-500,4,
dbd64704,9Pd2bdyYWTY,-500,1,
dbde3ba8,YpZQiSRSyRJX,-500,2,
dbe995ff,Cyx1X2fCJ,-140,1,
dbf94eb3,SEqUKgmauj4l,-500,2,
dc3c103d,qRdfj0DwAa,-30,1,
dc7e7c7d,CIYv32gzQ4KZ,-500,1,
dc82673d,DvpD9E2QiElbM,70,2,
dca8a45f,rafAfdkvkZi2wF,500,1,
dd22fa18,T949ylOYkHa9z,-140,1,
dd2c2892,Irb9yeZLz2xb,-500,1,
dd2d0a63,RNKQk3psTmusoG,1000,1,
dd3936af,2ec1sMiTyHD,-500,1,
dd852629,aPSyNp7OJDc5,-500,1,
dd8a71b9,9Jy2Ev75Bj,-500,1,
dd8b08d1,qxGPcJF8eV,1000,4,
dd8bd800,4qTt5eSjA,1000,1,
ddb7d4dc,Cqpkgm03B6O,-500,1,
ddd079de,pw8Ihi8N,1000,1,
dde63276,fadO15YRSY4vhW,-120,1,
ddea779f,rM9IKEgF5N9,1520,1,
ddee91ab,MpmxTSvAsViaXw,-500,2,
ddfa8fff,4YmiJIuMB,-500,1,
de0364b7,KiwoRaJ3rx,1000,1,
de1fbb32,7NdHxnUqfHTFc,1000,1,
de29dc7f,Cx9viVARDrg22,-460,0,
de2a1fb9,1c2Ane6us9O,-500,4,
de5191a2,GNi0luBv,1000,1,
de6369cd,CH3w76Ejtzac,-500,1,
de639c23,BfxsT1eWu,-500,1,
de7c0e8a,3EUqSn4ktPbt7d,480,1,
de975f74,6OUSQUT0pruC4,155,1,
de9bf2e0,lCIzjbvpiIf,-343,1,
dec3633d,EeYqdWrIl,729,1,
dedba0fb,MwRq34hk,255,1,
df23a933,omuzK7FW3F2g,-80,1,
df427f48,0yzENjJcc,-30,1,
df882189,gScYyDGkrG,-500,1,
df909eda,55AHQxXLQu,1000,1,
df9bc7b9,8aw4DAFYggH,-500,1,
df9fd631,lbxUALQzz7,670,2,
dfd40c4f,GgJ7nrdJGpENA,1005,1,
dfe1164f,O4f791B5OuL1,-500,4,
dfe23a6e,P0ayDl6CKEPu8,90,1,
dfef4082,d8EUTlbL8,-500,4,
e0016894,46bJwhKhvYEOF,500,1,
e0048822,qtAYvlNYt,680,3,
e009a3e2,JVGPxMqRtRoaP,-500,1,
e011af31,MzehcbGixtUlB4,-500,2,
e02f13e0,sdsRlUc0,1000,1,
e035453d,iEhjYxER9MY14U,472,1,
e0495755,natx30Vo,245,2,
e06302ae,t71kpcBWj5O8iK,750,2,
e083256c,07GylyvY,580,1,
e0b06482,nUpx90XML,-1000,3,
e0bc4fac,vPpGX2cepG,-500,1,
e0c72b02,Lib0da1iSTN,-10,1,
e0c8fa45,LIEgi4OLdC,-500,1,
e0c92dfd,icwvYXUC9SjQQ,-1000,0,
e0cf1443,SMdtGdMOx,1000,1,
e12387d6,3ws0lmvoijL,695,1,
e13b8617,BOZ2X0cwDnY,-500,1,
e17bf25c,fQSoUbWWtxQXpC,20,4,
e1845d68,PVgqddzn2b,-500,2,
e1abf7dc,jCa8EoJdS5L0y,-1000,1,
e1ad7fae,kixvMfUXpPgdWd,-500,3,
e1b2c5fa,eA5DJ9i2K,1000,1,
e1d81559,jSSAkuURk,-500,3,
e1deeb85,5Ytf5Vfv5CIcdk,500,2,
e212c119,GSErG2KyUB,1000,4,
e23d793a,s9D5i50P,-30,1,
e259f9c4,F78PYF2P,0,1,
e26752ad,8raLeIEp,1000,3,
e2768e90,9PtLzYTAum,1000,4,
e2bf18dd,eqO0WyzqH,-500,3,
e2c584e9,kKBdxe4H8gNcEB,-500,1,
e2f7b25a,OSwn4cNR,185,1,
e3020e1b,UAgz3h3KRU,1000,1,
e308a862,Ka5EomseB6O7k,0,1,
e30b7e36,SCCBJtGtRekN,-500,3,
e30e6424,PEwxDY72UMJlq4,1000,1,
e3359934,A7VZNqBYtDt,780,4,
e352bbbf,chwj89b3rC,-500,1,
e3614e72,O5KyaVs8gmX,500,1,
e36f635a,OjJ6pTGuQBGh1,880,1,
e384c002,tyqThQpI5gkW,40,1,
e386c198,auyMItSMZXu95r,500,1,
e3ada1bb,AjK9CmjQ,1000,1,
e3b19830,Rsb5C0P1JRR5h,-500,1,
e3b474c8,wowX64d9I,-1000,2,
e3b4cf03,KswxajstVG,150,2,
e3be54c2,PcrJSS8C,235,1,
e42ee4d1,GtmZx6Vs,190,1,
e46eb25d,MIjCvy8b,1000,4,
e477d23f,KIxo2HiBIZsOIg,1000,3,
e481075f,JdZMTK5NWly4,-500,4,
e495587b,hrumQfs1C6,1000,1,
e49b5a1c,3gykEEjdHfce,-500,1,
e4acf638,5IaPz0brHO,-500,1,
e4b621e5,Oj6dpsvq,-500,2,
e4b8f694,WVxwUG645,200,4,
e4f12c75,qVKotYXBnN5,375,1,
e4f1c002,gEe73MpIP,-640,1,
e4f88774,Aqu8Olhc,-500,1,
e4f9c315,ZLqP80JN5,-110,2,
e550171f,PRrQT6Ia,364,1,
e556db20,gHjZrE82Un,-500,1,
e55f2e3f,W0yNH0STyRJ,-500,1,
e57e626b,j0oBzmZSef,500,1,
e5885105,egvRhkRtypML0e,60,1,
e58cf3b7,K870gzvLvOlrO,-500,1,
e599be82,voJREvrax7AYr,-500,1,
e5cecd28,BF6temT5SvNLt,-500,0,
e5d0b0f2,PLLbAbtAK0vG,-500,1,
e5d2823c,TkRoBSGoZzUW,-520,1,
e5d88c4c,bsb3bvDnDg,-500,1,
e5ed9937,0zCxmfyC306,480,1,
e5f53bf1,DVZZQJDD4tR,-1000,1,
e609706b,4q3BDOFVP,1000,4,
e61d65d6,uUBr9p40sNJ26,20,1,
e62d21d3,YNDod8Nrk2d7,-20,1,
e64e4904,Zi6KycfdEz4cQ,-500,3,
e669c927,2Pi2LPi3M,-45,1,
e673ece7,MJC0ptRQWCxD,1000,1,
e6a43c8b,KmgmBP3H5OMsS,-500,1,
e6ae9dfc,qnQ4C7QORGGBgI,100,1,
e6bfd5eb,ZmF8kr4U9GhbN,-30,1,
e6cc543f,e29bYXvEazOv,-100,4,
e6ed34ee,7C2NEoQmKw,-500,1,
e6eff826,yrE25b9klv,-500,1,
e70cdb0e,ZVkRhE1vS,-500,1,
e71249f3,0OpMctBuW1buw2,-500,1,
e727eeb1,UeEFFiuuOM8,480,4,
e73ba586,Y0k991d8k,470,1,
e73fb7d3,M6lwSaoUzO,400,1,
e74d7a11,SdyE1F0dS,-500,1,
e77ef989,o0oycG833,-500,1,
e7a439ba,arp2AUAXL5jM,-345,3,
e7c6df08,NsZxWEQC,-500,1,
e7cb0b51,OOxWPJPS2,-500,1,
e7d46876,kV4n5xsCyL,-500,1,
e7dd3cb7,RNUbpbxGBxb,1000,4,
e80438d1,XUcvUQE1,1000,1,
e80be282,TfioINP1,1240,1,
e84957ab,pvWVEQ5KTU4C7d,-500,1,
e86ea266,CeUPFTF5,510,1,
e87b26f8,3WQNMG6ZnQI,-500,1,
e87e6ea1,ApsVSeHr,-500,1,
e8b31979,CMTDeJywn,400,1,
e8bb9e90,cmvLKa32t,310,1,
e8c4e03f,apbzo2epL4L,-500,1,
e8e54d1a,nvClwGVsGacO,1000,1,
e8e96772,sJ5nY6sXQbUv,330,2,
e8f351a7,QPAYHQwqJTaL7,-500,1,
e8f69749,Qp9dL8BDb7kb,-500,4,
e90488c4,5MQXJvhcJyV,-500,3,
e904fd20,WlCCjzHQ,-500,1,
e90abf0d,PVWXc9PILA4Yyc,30,2,
e90cfd3d,A65fPmLz4Uq,-500,1,
e9112f06,8CVdeQZAdlUVrP,602,1,
e920fb28,lCH8IV7oYu5t,-500,4,
e92b3918,rPzFD3nYN,1000,2,
e92ba41a,tMphrlEe8o,-500,2,
e930fcf5,vr2dwu0tR,-500,1,
e9332e0e,CmbyZ8CsYOq,1000,2,
e948a921,IiQdyg4qANc,1020,4,
e9557595,DXcbZ4Wo,2475,1,
e9673a26,e2Xhq4VbLbV,-500,1,
e987a0df,23WizrKQk,230,3,
e98b3c56,0m3zfQmQs,1000,2,
e9bac295,1NGe7TWB0DE,1000,1,
e9cb44a8,IrqD7IDkdzSM,1550,1,
e9d99126,pnFAUv8U,-500,4,
e9dece3e,abppp8EVJ4f,-500,1,
ea24cec1,uwSHiFn9T,1000,1,
ea2c11cd,2S9yqVp7a,1000,1,
ea2cdb02,O4Fp7RfIHw,-500,1,
ea2e66d8,RMNAUbgn1N5y,-500,1,
ea4a63ab,S9BQpgv2cC5g,-500,1,
ea4b15f5,70bHeVqs0,260,2,
ea5ee996,4t1qhEfFsv,-500,1,
ea7bb99f,2nEy0O3BTp,1000,1,
ea8e733b,cQY1b0Laan,540,4,
eaa3ddee,gjybDqMWFqR3B,-500,1,
eac5b172,VGRaI0JcxTj9p,-650,4,
eae3ace0,1HAZ4Fm7noV5w,-500,2,
eaff5ffa,ZLMHuHQQtXsCH,-500,1,
eb22f28a,1sLiVSOlxX,-500,1,
eb24dc8d,KhkcI106T8z,200,1,
eb26df6f,sIC23peYqJEFB,15,3,
eb271124,pTfT6oys0vs,1000,4,
eb2ffbea,ruVWG0Kuv2,-500,4,
eb58c727,XSXj9FS69,-500,1,
eb7a9856,W1wWEF2jpQB,-500,1,
eb85a5c1,4mypY7OmzIRUSZ,-30,1,
eba9406c,NQWENArYPXxcr,-170,1,
ebb4d454,NAeKiTxJwGR,1000,1,
ebbbc207,1RH7JXK4eXPm,-500,1,
ebd2ddaa,L1Quys3Bd1ubD,1000,1,
ebdcfc21,54vzpp5GSaEL,-1000,1,
ebdda431,XjLxf7OIrbR7,-500,1,
ebefd2ce,wKThoky817E,-5,1,
ebf44f89,wmzIcIYervJlsA,420,1,
ebf87117,NPr4ZFxcs7jx7,480,1,
ec481f0e,qsaP5Bcgl4Pl,-500,1,
ec7c71ad,0cUamIJ38,1000,1,
ec7dd51f,Y3tr3qv8wTxdBe,-500,1,
ec8d5d39,kZgXm1A5cqy,1000,1,
eca81f02,BTNdOs9S55aA,1000,1,
ecb31d62,VUvJR1SZ,1000,1,
ecb3ff17,uDJQUqSN8ULY,290,1,
ecbebecc,xDi12p4WXY,30,1,
ecdc81c5,s0PFmMdq0PNnLv,-500,1,
ecf01a1a,Ttkuqo3Re9,1000,1,
ed33be23,ED9RYbaZ9yyTe8,-500,1,
ed3e8754,ZalO1Arh,-500,4,
ed4ddaf6,KoLV1vd1G5,520,1,
ed9a8434,bMXyDz99CGNG1,400,1,
ed9acb4d,sfK7TdqVhXJXO,-500,1,
edb495c0,2Y1fQdxe,-500,1,
edd1f1ae,RFYK4hZNBH,1000,1,
edfd10df,3D35u6WUtyX,-500,1,
ee1d64a3,b0tpjsJwh,-500,2,
ee20f0c4,ZnfjUPcUF,1000,2,
ee287b41,eN7hb5GSjG,1000,1,
ee70450c,Cnz4ieKT9wF,480,1,
ee74eb07,dLFiWLe0c,-500,1,
eeaa2ece,LiUcrxx1j,-500,3,
eec629c6,bmOJTmuJ2Do,-215,1,
eecdbff9,4d7l9OurPs8z,20,1,
eedd8c93,ZLCgtyv2e5eQ,-500,1,
eee769a9,64KzMmhCIg,570,4,
ef20be1e,4OPvXCcb2a5NS,500,1,
ef36390a,v3l6ZJi0qk,710,2,
ef3e29fd,nkc1zN4jHn3,-500,4,
ef442ef8,vVuIw2v9Do68,157,3,
ef488946,l4NAF92nxZ,-500,1,
ef509860,h9BTo1z8uGncg,1050,1,
ef5e2344,mDLJbHAsvQFBU,1000,1,
ef6dc3e4,k9Hf05X3T,-500,1,
ef81a55a,INQn49sZLV,-500,1,
ef9212ac,tesvOKPA,500,1,
efb10961,nQ2tuJu5lvpefK,-500,2,
efe520bc,zPo30QX1KLV7,1000,1,
eff83a0e,Sxpj4OtwKy6C8X,-500,1,
effbb387,rO0i75YLYqzc,-500,4,
f004fdb9,DCp8cgSX,1000,1,
f01275d2,O4OwjJu8MeY4C,-500,1,
f01a6237,1aLF1juKdbCDz,-500,1,
f01ed37b,WoT60Z3AD6p,1000,4,
f021aea7,P5hECmOIT,1000,3,
f032b066,KhvktmfI,-500,4,
f03dcc3d,8efopbd2fR6,30,1,
f049d982,UFMCnhTlku,-500,1,
f0626e8f,C8npPuLrSY1Az,1000,3,
f0646814,zmq2mdTGYUE,-165,1,
f07572fd,gpABRoj0Cs,-500,1,
f07f5cd0,UE3aQsG2dIWAa,1000,1,
f0d3e570,7MiNQbcQn38X,-180,1,
f0d40dab,PalkydDumPYbvy,-500,1,
f0dae4be,Rmho0Dht,-500,1,
f1145af3,3VNVPH7x,-500,1,
f15abbd2,8cLCgVzUdl4rxm,565,2,
f17da2f7,avhHnBBwNJi7,-500,1,
f18410ea,lFIQNVVWOYq7,-500,1,
f1890edd,dU2pzNcN,1000,1,
f18c63a0,Tz9fEdojO22,-500,1,
f193e000,OsxyKB3ROZVEu2,-500,1,
f196d34c,PT4lVAOGHk8,-500,1,
f1c35aeb,ECleUnJGSJ,485,3,
f26a791b,sFgikip7oZ,820,1,
f2734e7b,XPGje8AEA,-500,3,
f28b4ab0,CSK4Sb4PRmkj8W,560,1,
f295bbfd,C4RYcBryPPeHua,-500,1,
f29b4bf3,XJnPOWyYUum,800,2,
f2b84b2a,EcfHawTrzxri,-1000,1,
f2d2956c,gz4mNMyu2SLaKw,60,3,
f2eeed14,5em8rrMzW5WzCg,-500,4,
f313f107,m4xIreGkANCdv4,-500,1,
f325c19b,tZFQhT1NhMMIgM,420,1,
f3298d68,UYgyCcJIqblap9,-500,4,
f34dc122,nCX45GVHS,-500,2,
f3845a54,mgmLFGkqf,560,4,
f38cd94b,AImIDg7E,-500,2,
f390712c,Thqe0vn1,1000,1,
f3a257d0,ElT7T1Rkc,-500,1,
f3c183c1,g8PPO8L16B,115,4,
f3df86ed,zmdqfqUWAutL,1000,1,
f453303d,T71oW1ukc5,-500,0,
f461ea43,jdLhTdqqa,-500,1,
f46b8a68,DHdqLXwvI6riU6,-500,4,
f46b9a6f,zEjXbdgHws,-500,4,
f492e826,GDkS54Hdr59b,-500,4,
f4984881,NRSETnjahyzV,-500,2,
f4c27a6b,Cd2fRryOYC9v,1000,1,
f4de25bc,IcMrYsPIjJU,500,3,
f50b0395,FjHQbRv9HtoO9q,-500,1,
f5101a75,6O83JMI1yHguAC,-500,1,
f51d2655,TcL1rMENUBTjCM,-500,1,
f51f19f4,xqV53tcI9w2jg3,-500,1,
f51f312a,9hXfHfX1yH3,-500,1,
f53f1dd6,H7FL5k3pM,-500,4,
f5423479,haSrf6vfUY,1000,3,
f548144b,b4iyzHZ5,1000,1,
f556d451,ncoFTJPbNQ,-500,1,
f574415f,8S8POYzK0tTSQY,-500,1,
f590690e,Q9CUkUhwY,-500,4,
f5a41d5c,1EbpaQbMoE1,700,1,
f5a86d8e,kI1ESwdME,-500,1,
f5af4b2f,9dn2UrqaatbAKj,-500,4,
f5c63093,8WbhPmUjgK3L,1000,1,
f5cb2031,KZYTo5Wm,-500,1,
f5dfbe5a,qq7ySD5L,325,3,
f5e88d0e,HStBsvSAMB,-565,1,
f5f7f676,FwDnAnhOjCMA,1000,1,
f610dadb,vQz8pGbVO,546,4,
f63540c3,T7K6oEQZG,-500,4,
f6366e9c,vKdYYhLgthyT,-500,1,
f649e19f,8nOCAW6O13hbG,1000,1,
f65b0ea1,H1R10gIAvz,790,1,
f65ce0e7,bi05UZJbiizI,-500,2,
f66c33ed,9T8savAxUSQL2v,-95,3,
f677ac47,WIl05KVu,-500,1,
f67f1a6f,lpw8c25vh,440,4,
f6819666,H1Ut9b2HEuTvL,-500,3,
f690db4a,z7QMI4ClaktGLv,-500,2,
f6a2055f,UMvwy0JTSJvHf,1000,1,
f6da2b59,feiZ9sjy,30,1,
f6eb6fc0,4KntHYzwR,-500,1,
f7109c03,oSQNfkO85Dldt,-500,1,
f724b52b,Hq6BXrcg,-500,4,
f740139a,5Rz8eQhPSm,90,1,
f74eb0c6,4R3tlQv1q,-500,1,
f7518930,AIkxmzQPVaYZG,-165,1,
f75696be,jy96sfo2nt0xOi,-500,1,
f7763709,5dKp20nR8c,-500,1,
f7805a33,GkF2KDpjHLLmJ,470,1,
f7841ff8,1Du0ClJ7MkydFl,20,1,
f785d880,4DPw1HgP7PC,-500,0,
f7d4022a,wthJ1Zf2q7,1000,1,
f7ea2899,8oarFG4a,-500,1,
f7f440d1,UMCWTHWKavs,-500,1,
f827a5d9,s5Uk3UVQ,-500,2,
f84ce0dd,fBNClULOzEp,-500,1,
f84cef5a,yyKxWJHKD9eaOV,1000,1,
f86104a4,anVThBuh1hfc,55,3,
f86c6f6a,prKs6BC8nUT6Sl,1000,1,
f87cfdf6,N0KrONrZHRuw,650,1,
f88057a6,oQvsw83YuFC3,1000,1,
f88570bc,w2UE5iAir,450,2,
f89ef600,3ZhIpNC1NXP,655,1,
f8a7e315,00QduID8h,0,1,
f8acd0ae,SBzoCmmqVcTS,600,1,
f8b2a73c,M9R8Xp6jbM,722,1,
f8dd0503,8oUNDGJXF,-500,1,
f8e401af,pehclfmFJ,-500,1,
f8e886d7,7QTALV3JfEA,-140,2,
f8ea1b5a,MLZBM5ZCMDhyz,-500,1,
f9097550,yiwHuGFZb3B9M1,-500,3,
f918c20c,zy7liYu7IFOx,-500,1,
f94c382f,IVPufugsNPzvP,-500,2,
f953a9cb,670YpCsE,90,1,
f959fb17,O7veQESMpR,-500,1,
f95b3344,cm7nT1TWU,1000,3,
f9731fc2,9iJ1490f4M2hPy,505,1,
f97649d4,VZyytv1I,80,3,
f988b72b,5dvIOhTnyb6,-500,1,
f996356b,E5CIxXCMZe,-500,1,
f9964e28,sj9ZsRARyg,-500,1,
f9973dcc,oqzzEfRQbR3Q5l,-500,1,
f99ec954,xhkqv8epcW,730,4,
f9ca357a,oLHeuUMH,1000,1,
f9cb581e,TonVg8gj7,510,1,
fa0d5dc7,hIyNg3n4XH,540,1,
fa474097,fR9hSY6f,410,2,
fa47b359,W7bac4YcHuhXWA,758,1,
fa538846,mo7Y7nTzKMK,24000,1,
fa54e5b2,ClMljjCxWoMsS,-500,3,
fa5529db,8GM5oJ33hL4dU,-500,2,
fa6391f7,QZyRZ6GF,370,1,
fa7e0924,C2h1KDQcL,-100,1,
fa802fa5,BpqXuTvzy46q,-500,1,
fa9607a1,1ECjOcl2lk,1000,1,
fa9a8b35,axeJUXlc1,1000,3,
fa9a9c1d,maWUoNUD,-500,1,
faa86f11,wdbTyV5cU,-310,1,
fabadd86,QGT8N8UeVLnfp,-500,2,
fb10a828,DCcmW5ZdJUiAN,1000,1,
fb1ae127,ChJmkUBqqzkD7l,-1000,1,
fb1b919e,bDKWAvnQQ,1000,1,
fb1e7a5f,PnfhPdBx,550,1,
fb231082,4N5uXHsS,60,1,
fb44434c,huBRhIvh72Wa7,0,1,
fb49f43d,edor3OPb,-500,1,
fb678e83,8x1NdGOeVYXSA,480,1,
fb79d756,xtqCi80ig9E17,-340,4,
fb7bd9d4,bTgj0L7ChEAbx2,20,1,
fb7e9875,uWNe37Gy,-500,1,
fb899fd1,ROnPLe2iTV83P,-500,1,
fb94b073,k6nWyNw4PHp,-500,1,
fbd7def0,pNcmThYJSxJ,-500,1,
fbe6e570,FhOHMZXp2neq,-70,1,
fbead195,rrrVVYzj,-258,1,
fc3959c1,fvhsXC9hSN5,-500,1,
fc972ac1,secrv0SjMUZLh,-500,1,
fca38165,lOxEFLm3F,-500,4,
fcc97e22,gFogQDAIY9ZuCu,-500,1,
fcfdb05d,dDOUUGSDoB,1000,1,
fd0d7353,y9wqkRE1VBxw98,-350,1,
fd0ff771,wgHIVsPdevWqgk,-600,1,
fd38e209,eyPr5r6XI7iho,-500,4,
fd4731db,a0NFrLcgTuAWh8,-13,4,
fd4b05a7,fBwU7skRXW,1610,1,
fd53dc5a,DJRhFT77wr6,1000,1,
fd796a1d,YjJ6yBeRTDM,-500,3,
fd9a6324,v6PmQoNc4dsmv,1000,1,
fd9b83a0,SpIUb4LH2vsk5r,-500,1,
fd9b96eb,6WOD4J09Er,1000,4,
fda69adc,PVSyIIYMpD,-500,1,
fdcce134,kuUtVzKjT,1000,1,
fdcf7fef,WlJvchJZUxTyc,-500,2,
fdd75001,F1RLPzMx6Nlaw8,1000,4,
fddd60b8,soMDStRj2,770,4,
fdde37d7,OlacFcGR3kfT,590,1,
fdfb550d,AFTvt2w0k,-60,1,
fe17843a,kFpTb1L8ZXz4ke,720,1,
fe2fde5f,f0lsofNJp3G,1000,4,
fe428ab1,WMUdfB5Y0,434,1,
fe42a987,tWDhc6OHaK,-500,2,
fe45aa33,t0yy39lVxg,240,2,
fe504d17,CVu5MB2ljtDvde,-500,1,
fe5980d8,GOnJyXhR,-500,1,
fe66a346,xaWPAkhVzc8z,1000,1,
fe68f31b,Mf1EhYG9,-1000,2,
fe96d4dd,EkGFwNPiMBSO,-500,1,
fe9b0514,ZUT3WmNFlPUP,-500,2,
fea29475,jq2MtrFz2h,-1000,1,
fea883d8,D4jMeYGh38,-500,4,
feab68ba,Bh3et1IM0rZ,830,1,
feb1e888,JQbBMycsS,-500,1,
feb6dc99,rTwBQjjkQdi,440,1,
fec53ee3,FM8T04o9VO,340,1,
fee3805e,faNwekq4XuPj8,-500,1,
feea9f41,rs50345J,0,1,
fefabe4a,MZSiCexuQcYFRS,-500,1,
ff7ca16d,KC7LCaM82Ve,-500,1,
fface2f4,mI1ffVAz5mRnR,-500,1,
ffc62332,E7RNSTHUz,-500,1,
ffdda14f,9BzYt7RUq7VAxJ,155,3,
TEXAS_HOLDEM,whatareyoudoinghere,-1,-1,